task,category,split,a0_rate,a0_stratum,A0_passed,A0_total,A0_rate,B1_passed,B1_total,B1_rate,C21_passed,C21_total,C21_rate,C23_passed,C23_total,C23_rate,BL_LS_passed,BL_LS_total,BL_LS_rate,BL_LF_passed,BL_LF_total,BL_LF_rate,BL_LE_passed,BL_LE_total,BL_LE_rate
aimeII_2001_p3,AIME,Valid,0.0,impossible,0,8,0.0,0,8,0.0,0,8,0.0,0,8,0.0,0,8,0.0,0,8,0.0,0,8,0.0
aimeII_2020_p6,AIME,Valid,0.0,impossible,0,8,0.0,0,8,0.0,0,8,0.0,0,8,0.0,0,8,0.0,0,8,0.0,0,8,0.0
aimeI_2000_p7,AIME,Valid,0.0,impossible,0,8,0.0,0,8,0.0,0,8,0.0,0,8,0.0,0,8,0.0,0,8,0.0,0,8,0.0
aime_1983_p1,AIME,Test,0.0,impossible,0,8,0.0,0,8,0.0,0,8,0.0,0,8,0.0,0,8,0.0,0,8,0.0,0,8,0.0
aime_1983_p2,AIME,Test,0.875,easy,7,8,0.875,7,8,0.875,6,8,0.75,8,8,1.0,8,8,1.0,6,8,0.75,8,8,1.0
aime_1983_p3,AIME,Test,0.0,impossible,0,8,0.0,0,8,0.0,0,8,0.0,0,8,0.0,0,8,0.0,0,8,0.0,0,8,0.0
aime_1983_p9,AIME,Valid,0.0,impossible,0,8,0.0,1,8,0.125,1,8,0.125,0,8,0.0,0,8,0.0,8,8,1.0,7,8,0.875
aime_1984_p1,AIME,Test,0.125,hard,1,8,0.125,2,8,0.25,8,8,1.0,8,8,1.0,4,8,0.5,1,8,0.125,3,8,0.375
aime_1984_p15,AIME,Valid,1.0,easy,8,8,1.0,7,8,0.875,8,8,1.0,8,8,1.0,8,8,1.0,8,8,1.0,8,8,1.0
aime_1984_p5,AIME,Valid,0.0,impossible,0,8,0.0,0,8,0.0,0,8,0.0,0,8,0.0,0,8,0.0,0,8,0.0,0,8,0.0
aime_1984_p7,AIME,Test,0.0,impossible,0,8,0.0,0,8,0.0,0,8,0.0,0,8,0.0,0,8,0.0,0,8,0.0,0,8,0.0
aime_1987_p5,AIME,Test,0.375,sweet,3,8,0.375,3,8,0.375,1,8,0.125,1,8,0.125,1,8,0.125,0,8,0.0,0,8,0.0
aime_1987_p8,AIME,Valid,0.0,impossible,0,8,0.0,0,8,0.0,0,8,0.0,0,8,0.0,0,8,0.0,0,8,0.0,0,8,0.0
aime_1988_p3,AIME,Valid,0.0,impossible,0,8,0.0,0,8,0.0,0,8,0.0,0,8,0.0,0,8,0.0,0,8,0.0,0,8,0.0
aime_1988_p4,AIME,Valid,0.0,impossible,0,8,0.0,0,8,0.0,0,8,0.0,0,8,0.0,0,8,0.0,0,8,0.0,0,8,0.0
aime_1988_p8,AIME,Test,0.0,impossible,0,8,0.0,0,8,0.0,0,8,0.0,0,8,0.0,0,8,0.0,0,8,0.0,0,8,0.0
aime_1989_p8,AIME,Test,1.0,easy,8,8,1.0,8,8,1.0,8,8,1.0,8,8,1.0,8,8,1.0,8,8,1.0,8,8,1.0
aime_1990_p15,AIME,Test,1.0,easy,8,8,1.0,7,8,0.875,8,8,1.0,8,8,1.0,6,8,0.75,8,8,1.0,8,8,1.0
aime_1990_p2,AIME,Valid,0.0,impossible,0,8,0.0,0,8,0.0,0,8,0.0,0,8,0.0,0,8,0.0,0,8,0.0,0,8,0.0
aime_1990_p4,AIME,Test,0.0,impossible,0,8,0.0,0,8,0.0,0,8,0.0,0,8,0.0,0,8,0.0,0,8,0.0,0,8,0.0
aime_1991_p1,AIME,Valid,0.0,impossible,0,8,0.0,1,8,0.125,0,8,0.0,0,8,0.0,0,8,0.0,0,8,0.0,0,8,0.0
aime_1991_p6,AIME,Valid,0.0,impossible,0,8,0.0,0,8,0.0,0,8,0.0,0,8,0.0,0,8,0.0,0,8,0.0,0,8,0.0
aime_1991_p9,AIME,Test,0.0,impossible,0,8,0.0,0,8,0.0,0,8,0.0,0,8,0.0,0,8,0.0,0,8,0.0,0,8,0.0
aime_1994_p3,AIME,Test,0.0,impossible,0,8,0.0,0,8,0.0,0,8,0.0,0,8,0.0,0,8,0.0,0,8,0.0,0,8,0.0
aime_1994_p4,AIME,Valid,0.0,impossible,0,8,0.0,0,8,0.0,0,8,0.0,0,8,0.0,0,8,0.0,0,8,0.0,0,8,0.0
aime_1995_p7,AIME,Test,0.0,impossible,0,8,0.0,0,8,0.0,0,8,0.0,0,8,0.0,0,8,0.0,0,8,0.0,0,8,0.0
aime_1996_p5,AIME,Valid,0.0,impossible,0,8,0.0,0,8,0.0,0,8,0.0,0,8,0.0,0,8,0.0,0,8,0.0,0,8,0.0
aime_1997_p11,AIME,Valid,0.0,impossible,0,8,0.0,0,8,0.0,0,8,0.0,0,8,0.0,0,8,0.0,0,8,0.0,0,8,0.0
aime_1997_p9,AIME,Test,0.0,impossible,0,8,0.0,0,8,0.0,0,8,0.0,0,8,0.0,0,8,0.0,0,8,0.0,0,8,0.0
aime_1999_p11,AIME,Test,0.0,impossible,0,8,0.0,0,8,0.0,0,8,0.0,0,8,0.0,0,8,0.0,0,8,0.0,0,8,0.0
algebra_2complexrootspoly_xsqp49eqxp7itxpn7i,Algebra,Valid,0.75,easy,6,8,0.75,8,8,1.0,7,8,0.875,8,8,1.0,5,8,0.625,8,8,1.0,8,8,1.0
algebra_2rootsintpoly_am10tap11eqasqpam110,Algebra,Valid,1.0,easy,8,8,1.0,8,8,1.0,8,8,1.0,8,8,1.0,8,8,1.0,8,8,1.0,8,8,1.0
algebra_2rootspoly_apatapbeq2asqp2ab,Algebra,Valid,1.0,easy,8,8,1.0,8,8,1.0,8,8,1.0,8,8,1.0,8,8,1.0,8,8,1.0,8,8,1.0
algebra_2varlineareq_fp3zeq11_3tfm1m5zeqn68_feqn10_zeq7,Algebra,Test,0.0,impossible,0,8,0.0,0,8,0.0,0,8,0.0,0,8,0.0,1,8,0.125,0,8,0.0,0,8,0.0
algebra_2varlineareq_xpeeq7_2xpeeq3_eeq11_xeqn4,Algebra,Valid,0.75,easy,6,8,0.75,5,8,0.625,2,8,0.25,4,8,0.5,7,8,0.875,7,8,0.875,5,8,0.625
algebra_3rootspoly_amdtamctambeqnasqmbpctapcbtdpasqmbpctapcbta,AMC,Valid,1.0,easy,8,8,1.0,8,8,1.0,8,8,1.0,8,8,1.0,8,8,1.0,8,8,1.0,8,8,1.0
algebra_9onxpypzleqsum2onxpy,Algebra,Test,0.0,impossible,0,8,0.0,0,8,0.0,0,8,0.0,0,8,0.0,0,8,0.0,0,8,0.0,0,8,0.0
algebra_abpbcpcageq3_sumaonsqrtapbgeq3onsqrt2,Algebra,Test,0.0,impossible,0,8,0.0,0,8,0.0,0,8,0.0,0,8,0.0,0,8,0.0,0,8,0.0,0,8,0.0
algebra_absapbon1pabsapbleqsumabsaon1pabsa,Algebra,Test,0.0,impossible,0,8,0.0,0,8,0.0,0,8,0.0,0,8,0.0,0,8,0.0,0,8,0.0,0,8,0.0
algebra_absxm1pabsxpabsxp1eqxp2_0leqxleq1,Algebra,Test,0.75,easy,6,8,0.75,6,8,0.75,5,8,0.625,8,8,1.0,7,8,0.875,6,8,0.75,5,8,0.625
algebra_amgm_faxinrrp2msqrt2geq2mxm1div2x,Algebra,Valid,0.0,impossible,0,8,0.0,0,8,0.0,0,8,0.0,0,8,0.0,0,8,0.0,0,8,0.0,1,8,0.125
algebra_amgm_prod1toneq1_sum1tongeqn,Algebra,Valid,0.0,impossible,0,8,0.0,0,8,0.0,0,8,0.0,0,8,0.0,0,8,0.0,0,8,0.0,0,8,0.0
algebra_amgm_sqrtxymulxmyeqxpy_xpygeq4,Algebra,Valid,0.0,impossible,0,8,0.0,3,8,0.375,0,8,0.0,0,8,0.0,0,8,0.0,7,8,0.875,7,8,0.875
algebra_amgm_sum1toneqn_prod1tonleq1,Algebra,Test,0.0,impossible,0,8,0.0,0,8,0.0,0,8,0.0,0,8,0.0,0,8,0.0,0,8,0.0,0,8,0.0
algebra_amgm_sumasqdivbgeqsuma,Algebra,Test,0.0,impossible,0,8,0.0,0,8,0.0,1,8,0.125,0,8,0.0,0,8,0.0,0,8,0.0,1,8,0.125
algebra_amgm_sumasqdivbsqgeqsumbdiva,Algebra,Valid,0.0,impossible,0,8,0.0,0,8,0.0,0,8,0.0,0,8,0.0,0,8,0.0,0,8,0.0,0,8,0.0
algebra_apb4leq8ta4pb4,Algebra,Valid,1.0,easy,8,8,1.0,8,8,1.0,8,8,1.0,7,8,0.875,8,8,1.0,8,8,1.0,6,8,0.75
algebra_apbmpcneq0_aeq0anbeq0anceq0,Algebra,Test,0.0,impossible,0,8,0.0,0,8,0.0,0,8,0.0,0,8,0.0,0,8,0.0,0,8,0.0,0,8,0.0
algebra_apbon2pownleqapownpbpowon2,Algebra,Test,0.0,impossible,0,8,0.0,0,8,0.0,0,8,0.0,0,8,0.0,0,8,0.0,0,8,0.0,0,8,0.0
algebra_apbpceq2_abpbcpcaeq1_aleq1on3anbleq1ancleq4on3,Algebra,Test,0.75,easy,6,8,0.75,6,8,0.75,7,8,0.875,8,8,1.0,7,8,0.875,3,8,0.375,5,8,0.625
algebra_binomnegdiscrineq_10alt28asqp1,Algebra,Valid,1.0,easy,8,8,1.0,6,8,0.75,8,8,1.0,8,8,1.0,4,8,0.5,8,8,1.0,8,8,1.0
algebra_bleqa_apbon2msqrtableqambsqon8b,Algebra,Test,0.25,hard,2,8,0.25,4,8,0.5,7,8,0.875,7,8,0.875,6,8,0.75,6,8,0.75,6,8,0.75
algebra_cubrtrp1oncubrtreq3_rcubp1onrcubeq5778,Algebra,Test,0.0,impossible,0,8,0.0,0,8,0.0,0,8,0.0,0,8,0.0,0,8,0.0,0,8,0.0,0,8,0.0
algebra_ineq_nto1onlt2m1on,Algebra,Test,0.0,impossible,0,8,0.0,0,8,0.0,0,8,0.0,0,8,0.0,0,8,0.0,0,8,0.0,0,8,0.0
algebra_manipexpr_2erprsqpesqeqnrpnesq,Algebra,Valid,1.0,easy,8,8,1.0,8,8,1.0,8,8,1.0,8,8,1.0,8,8,1.0,8,8,1.0,8,8,1.0
algebra_manipexpr_apbeq2cceqiacpbceqm2,Algebra,Valid,0.875,easy,7,8,0.875,6,8,0.75,6,8,0.75,8,8,1.0,7,8,0.875,6,8,0.75,2,8,0.25
algebra_others_exirrpowirrrat,Algebra,Test,0.0,impossible,0,8,0.0,0,8,0.0,0,8,0.0,0,8,0.0,0,8,0.0,0,8,0.0,0,8,0.0
algebra_sqineq_2at2pclta2c2p41pc,Algebra,Valid,0.875,easy,7,8,0.875,7,8,0.875,8,8,1.0,6,8,0.75,8,8,1.0,8,8,1.0,8,8,1.0
algebra_sqineq_2unitcircatblt1,Algebra,Valid,1.0,easy,8,8,1.0,8,8,1.0,8,8,1.0,7,8,0.875,8,8,1.0,7,8,0.875,8,8,1.0
algebra_sqineq_36azm9asqle36zsq,Algebra,Valid,0.75,easy,6,8,0.75,8,8,1.0,8,8,1.0,8,8,1.0,8,8,1.0,7,8,0.875,8,8,1.0
algebra_sqineq_4bap1lt4bsqpap1sq,Algebra,Valid,1.0,easy,8,8,1.0,8,8,1.0,8,8,1.0,8,8,1.0,8,8,1.0,8,8,1.0,8,8,1.0
algebra_sqineq_at2malt1,Algebra,Test,0.875,easy,7,8,0.875,8,8,1.0,8,8,1.0,8,8,1.0,8,8,1.0,8,8,1.0,8,8,1.0
algebra_sqineq_unitcircatbpabsamblt1,Algebra,Test,0.25,hard,2,8,0.25,8,8,1.0,8,8,1.0,8,8,1.0,8,8,1.0,8,8,1.0,2,8,0.25
algebra_sqineq_unitcircatbpamblt1,Algebra,Test,1.0,easy,8,8,1.0,8,8,1.0,8,8,1.0,8,8,1.0,6,8,0.75,8,8,1.0,8,8,1.0
algebra_sum1onsqrt2to1onsqrt10000lt198,Algebra,Test,0.0,impossible,0,8,0.0,0,8,0.0,0,8,0.0,0,8,0.0,0,8,0.0,0,8,0.0,0,8,0.0
algebra_xmysqpymzsqpzmxsqeqxyz_xpypzp6dvdx3y3z3,Algebra,Valid,1.0,easy,8,8,1.0,7,8,0.875,8,8,1.0,8,8,1.0,8,8,1.0,8,8,1.0,8,8,1.0
amc12_2000_p1,AMC,Test,0.0,impossible,0,8,0.0,0,8,0.0,0,8,0.0,0,8,0.0,0,8,0.0,0,8,0.0,0,8,0.0
amc12_2000_p11,AMC,Valid,0.375,sweet,3,8,0.375,0,8,0.0,0,8,0.0,0,8,0.0,5,8,0.625,8,8,1.0,0,8,0.0
amc12_2000_p12,AMC,Test,1.0,easy,8,8,1.0,1,8,0.125,4,8,0.5,3,8,0.375,0,8,0.0,2,8,0.25,0,8,0.0
amc12_2000_p15,AMC,Valid,0.0,impossible,0,8,0.0,0,8,0.0,0,8,0.0,0,8,0.0,0,8,0.0,0,8,0.0,0,8,0.0
amc12_2000_p20,AMC,Test,0.875,easy,7,8,0.875,2,8,0.25,5,8,0.625,3,8,0.375,4,8,0.5,2,8,0.25,2,8,0.25
amc12_2000_p5,AMC,Valid,0.25,hard,2,8,0.25,4,8,0.5,3,8,0.375,7,8,0.875,8,8,1.0,6,8,0.75,1,8,0.125
amc12_2000_p6,AMC,Test,0.625,easy,5,8,0.625,1,8,0.125,3,8,0.375,1,8,0.125,4,8,0.5,3,8,0.375,2,8,0.25
amc12_2001_p2,AMC,Valid,0.75,easy,6,8,0.75,6,8,0.75,6,8,0.75,8,8,1.0,7,8,0.875,7,8,0.875,7,8,0.875
amc12_2001_p21,AMC,Test,0.0,impossible,0,8,0.0,0,8,0.0,0,8,0.0,0,8,0.0,0,8,0.0,0,8,0.0,0,8,0.0
amc12_2001_p5,AMC,Test,0.0,impossible,0,8,0.0,0,8,0.0,0,8,0.0,0,8,0.0,0,8,0.0,0,8,0.0,0,8,0.0
amc12_2001_p9,AMC,Valid,1.0,easy,8,8,1.0,7,8,0.875,8,8,1.0,8,8,1.0,7,8,0.875,8,8,1.0,8,8,1.0
amc12a_2002_p1,AMC,Valid,0.375,sweet,3,8,0.375,8,8,1.0,8,8,1.0,6,8,0.75,8,8,1.0,8,8,1.0,5,8,0.625
amc12a_2002_p12,AMC,Valid,0.0,impossible,0,8,0.0,0,8,0.0,1,8,0.125,0,8,0.0,0,8,0.0,0,8,0.0,0,8,0.0
amc12a_2002_p13,AMC,Test,0.0,impossible,0,8,0.0,0,8,0.0,0,8,0.0,0,8,0.0,0,8,0.0,0,8,0.0,0,8,0.0
amc12a_2002_p21,AMC,Valid,0.125,hard,1,8,0.125,0,8,0.0,0,8,0.0,0,8,0.0,0,8,0.0,0,8,0.0,0,8,0.0
amc12a_2002_p6,AMC,Test,1.0,easy,8,8,1.0,8,8,1.0,8,8,1.0,8,8,1.0,8,8,1.0,7,8,0.875,8,8,1.0
amc12a_2003_p1,AMC,Valid,0.0,impossible,0,8,0.0,0,8,0.0,0,8,0.0,0,8,0.0,0,8,0.0,0,8,0.0,0,8,0.0
amc12a_2003_p23,AMC,Test,0.0,impossible,0,8,0.0,0,8,0.0,0,8,0.0,0,8,0.0,0,8,0.0,0,8,0.0,0,8,0.0
amc12a_2003_p24,AMC,Valid,0.0,impossible,0,8,0.0,0,8,0.0,0,8,0.0,0,8,0.0,0,8,0.0,0,8,0.0,0,8,0.0
amc12a_2003_p25,AMC,Valid,0.25,hard,2,8,0.25,4,8,0.5,3,8,0.375,0,8,0.0,1,8,0.125,3,8,0.375,1,8,0.125
amc12a_2003_p5,AMC,Test,0.5,sweet,4,8,0.5,8,8,1.0,7,8,0.875,5,8,0.625,4,8,0.5,6,8,0.75,8,8,1.0
amc12a_2008_p15,AMC,Valid,0.0,impossible,0,8,0.0,0,8,0.0,0,8,0.0,0,8,0.0,0,8,0.0,0,8,0.0,0,8,0.0
amc12a_2008_p2,AMC,Valid,1.0,easy,8,8,1.0,8,8,1.0,7,8,0.875,8,8,1.0,8,8,1.0,8,8,1.0,8,8,1.0
amc12a_2008_p25,AMC,Test,0.0,impossible,0,8,0.0,0,8,0.0,0,8,0.0,0,8,0.0,0,8,0.0,0,8,0.0,0,8,0.0
amc12a_2008_p4,AMC,Valid,0.125,hard,1,8,0.125,3,8,0.375,0,8,0.0,0,8,0.0,1,8,0.125,4,8,0.5,1,8,0.125
amc12a_2008_p8,AMC,Valid,0.0,impossible,0,8,0.0,2,8,0.25,0,8,0.0,0,8,0.0,0,8,0.0,0,8,0.0,0,8,0.0
amc12a_2009_p15,AMC,Valid,0.0,impossible,0,8,0.0,0,8,0.0,0,8,0.0,0,8,0.0,0,8,0.0,0,8,0.0,0,8,0.0
amc12a_2009_p2,AMC,Valid,1.0,easy,8,8,1.0,8,8,1.0,8,8,1.0,8,8,1.0,8,8,1.0,8,8,1.0,8,8,1.0
amc12a_2009_p25,AMC,Valid,0.0,impossible,0,8,0.0,0,8,0.0,0,8,0.0,0,8,0.0,0,8,0.0,0,8,0.0,0,8,0.0
amc12a_2009_p5,AMC,Valid,1.0,easy,8,8,1.0,8,8,1.0,8,8,1.0,8,8,1.0,8,8,1.0,8,8,1.0,8,8,1.0
amc12a_2009_p6,AMC,Test,0.0,impossible,0,8,0.0,0,8,0.0,0,8,0.0,0,8,0.0,0,8,0.0,0,8,0.0,0,8,0.0
amc12a_2009_p7,AMC,Test,0.0,impossible,0,8,0.0,0,8,0.0,0,8,0.0,0,8,0.0,0,8,0.0,0,8,0.0,0,8,0.0
amc12a_2009_p9,AMC,Valid,0.75,easy,6,8,0.75,5,8,0.625,8,8,1.0,7,8,0.875,6,8,0.75,7,8,0.875,7,8,0.875
amc12a_2010_p10,AMC,Valid,0.0,impossible,0,8,0.0,1,8,0.125,0,8,0.0,0,8,0.0,0,8,0.0,1,8,0.125,0,8,0.0
amc12a_2010_p11,AMC,Valid,0.0,impossible,0,8,0.0,0,8,0.0,0,8,0.0,0,8,0.0,0,8,0.0,0,8,0.0,0,8,0.0
amc12a_2010_p22,AMC,Valid,0.0,impossible,0,8,0.0,0,8,0.0,0,8,0.0,0,8,0.0,0,8,0.0,0,8,0.0,0,8,0.0
amc12a_2011_p18,AMC,Valid,0.25,hard,2,8,0.25,6,8,0.75,8,8,1.0,7,8,0.875,0,8,0.0,8,8,1.0,2,8,0.25
amc12a_2013_p4,AMC,Test,0.5,sweet,4,8,0.5,7,8,0.875,7,8,0.875,6,8,0.75,2,8,0.25,3,8,0.375,7,8,0.875
amc12a_2013_p7,AMC,Valid,0.5,sweet,4,8,0.5,2,8,0.25,5,8,0.625,8,8,1.0,1,8,0.125,6,8,0.75,1,8,0.125
amc12a_2013_p8,AMC,Valid,1.0,easy,8,8,1.0,8,8,1.0,8,8,1.0,8,8,1.0,8,8,1.0,7,8,0.875,8,8,1.0
amc12a_2015_p10,AMC,Valid,0.75,easy,6,8,0.75,5,8,0.625,8,8,1.0,8,8,1.0,6,8,0.75,7,8,0.875,8,8,1.0
amc12a_2016_p2,AMC,Valid,0.0,impossible,0,8,0.0,0,8,0.0,0,8,0.0,0,8,0.0,0,8,0.0,0,8,0.0,0,8,0.0
amc12a_2016_p3,AMC,Valid,0.75,easy,6,8,0.75,8,8,1.0,6,8,0.75,4,8,0.5,3,8,0.375,6,8,0.75,6,8,0.75
amc12a_2017_p2,AMC,Valid,1.0,easy,8,8,1.0,7,8,0.875,7,8,0.875,8,8,1.0,8,8,1.0,8,8,1.0,8,8,1.0
amc12a_2017_p7,AMC,Valid,0.0,impossible,0,8,0.0,0,8,0.0,0,8,0.0,0,8,0.0,0,8,0.0,3,8,0.375,1,8,0.125
amc12a_2019_p12,AMC,Test,0.0,impossible,0,8,0.0,0,8,0.0,0,8,0.0,0,8,0.0,0,8,0.0,0,8,0.0,0,8,0.0
amc12a_2019_p21,AMC,Valid,0.0,impossible,0,8,0.0,0,8,0.0,0,8,0.0,0,8,0.0,0,8,0.0,0,8,0.0,0,8,0.0
amc12a_2019_p9,AMC,Valid,0.0,impossible,0,8,0.0,0,8,0.0,0,8,0.0,0,8,0.0,0,8,0.0,0,8,0.0,0,8,0.0
amc12a_2020_p10,AMC,Test,0.0,impossible,0,8,0.0,0,8,0.0,0,8,0.0,0,8,0.0,0,8,0.0,0,8,0.0,0,8,0.0
amc12a_2020_p13,AMC,Valid,0.0,impossible,0,8,0.0,0,8,0.0,0,8,0.0,0,8,0.0,0,8,0.0,0,8,0.0,0,8,0.0
amc12a_2020_p15,AMC,Test,0.0,impossible,0,8,0.0,0,8,0.0,0,8,0.0,0,8,0.0,0,8,0.0,0,8,0.0,0,8,0.0
amc12a_2020_p21,AMC,Valid,0.0,impossible,0,8,0.0,0,8,0.0,0,8,0.0,0,8,0.0,0,8,0.0,0,8,0.0,0,8,0.0
amc12a_2020_p25,AMC,Test,0.0,impossible,0,8,0.0,0,8,0.0,0,8,0.0,0,8,0.0,0,8,0.0,0,8,0.0,0,8,0.0
amc12a_2020_p4,AMC,Test,0.0,impossible,0,8,0.0,0,8,0.0,0,8,0.0,0,8,0.0,0,8,0.0,0,8,0.0,0,8,0.0
amc12a_2020_p7,AMC,Test,1.0,easy,8,8,1.0,1,8,0.125,0,8,0.0,0,8,0.0,0,8,0.0,0,8,0.0,0,8,0.0
amc12a_2020_p9,AMC,Test,0.0,impossible,0,8,0.0,0,8,0.0,0,8,0.0,0,8,0.0,0,8,0.0,0,8,0.0,0,8,0.0
amc12a_2021_p12,AMC,Test,0.0,impossible,0,8,0.0,0,8,0.0,0,8,0.0,0,8,0.0,0,8,0.0,0,8,0.0,0,8,0.0
amc12a_2021_p14,AMC,Test,0.0,impossible,0,8,0.0,1,8,0.125,6,8,0.75,1,8,0.125,5,8,0.625,2,8,0.25,3,8,0.375
amc12a_2021_p18,AMC,Test,0.625,easy,5,8,0.625,4,8,0.5,4,8,0.5,2,8,0.25,1,8,0.125,1,8,0.125,2,8,0.25
amc12a_2021_p19,AMC,Test,0.0,impossible,0,8,0.0,0,8,0.0,0,8,0.0,0,8,0.0,0,8,0.0,0,8,0.0,0,8,0.0
amc12a_2021_p22,AMC,Test,0.0,impossible,0,8,0.0,0,8,0.0,0,8,0.0,0,8,0.0,0,8,0.0,0,8,0.0,0,8,0.0
amc12a_2021_p25,AMC,Test,0.0,impossible,0,8,0.0,0,8,0.0,0,8,0.0,0,8,0.0,0,8,0.0,0,8,0.0,0,8,0.0
amc12a_2021_p3,AMC,Test,0.25,hard,2,8,0.25,1,8,0.125,7,8,0.875,2,8,0.25,3,8,0.375,3,8,0.375,0,8,0.0
amc12a_2021_p7,AMC,Valid,0.875,easy,7,8,0.875,8,8,1.0,7,8,0.875,8,8,1.0,6,8,0.75,8,8,1.0,8,8,1.0
amc12a_2021_p8,AMC,Test,0.0,impossible,0,8,0.0,0,8,0.0,0,8,0.0,0,8,0.0,0,8,0.0,0,8,0.0,0,8,0.0
amc12a_2021_p9,AMC,Test,1.0,easy,8,8,1.0,8,8,1.0,8,8,1.0,8,8,1.0,8,8,1.0,8,8,1.0,7,8,0.875
amc12b_2002_p11,AMC,Valid,0.0,impossible,0,8,0.0,0,8,0.0,0,8,0.0,0,8,0.0,0,8,0.0,0,8,0.0,0,8,0.0
amc12b_2002_p19,AMC,Test,0.25,hard,2,8,0.25,7,8,0.875,7,8,0.875,8,8,1.0,4,8,0.5,5,8,0.625,0,8,0.0
amc12b_2002_p2,AMC,Test,1.0,easy,8,8,1.0,8,8,1.0,8,8,1.0,8,8,1.0,0,8,0.0,8,8,1.0,7,8,0.875
amc12b_2002_p3,AMC,Valid,0.0,impossible,0,8,0.0,0,8,0.0,0,8,0.0,0,8,0.0,0,8,0.0,0,8,0.0,0,8,0.0
amc12b_2002_p4,AMC,Test,0.0,impossible,0,8,0.0,0,8,0.0,0,8,0.0,0,8,0.0,0,8,0.0,0,8,0.0,0,8,0.0
amc12b_2002_p6,AMC,Valid,1.0,easy,8,8,1.0,3,8,0.375,6,8,0.75,5,8,0.625,2,8,0.25,1,8,0.125,7,8,0.875
amc12b_2002_p7,AMC,Test,0.125,hard,1,8,0.125,2,8,0.25,2,8,0.25,1,8,0.125,5,8,0.625,4,8,0.5,0,8,0.0
amc12b_2003_p17,AMC,Valid,0.0,impossible,0,8,0.0,0,8,0.0,0,8,0.0,0,8,0.0,0,8,0.0,0,8,0.0,0,8,0.0
amc12b_2003_p6,AMC,Valid,1.0,easy,8,8,1.0,7,8,0.875,8,8,1.0,8,8,1.0,7,8,0.875,8,8,1.0,8,8,1.0
amc12b_2003_p9,AMC,Valid,1.0,easy,8,8,1.0,8,8,1.0,8,8,1.0,8,8,1.0,8,8,1.0,8,8,1.0,8,8,1.0
amc12b_2004_p3,AMC,Valid,0.0,impossible,0,8,0.0,0,8,0.0,3,8,0.375,2,8,0.25,0,8,0.0,0,8,0.0,0,8,0.0
amc12b_2020_p13,AMC,Test,0.0,impossible,0,8,0.0,0,8,0.0,0,8,0.0,0,8,0.0,0,8,0.0,0,8,0.0,0,8,0.0
amc12b_2020_p2,AMC,Test,0.875,easy,7,8,0.875,8,8,1.0,8,8,1.0,8,8,1.0,8,8,1.0,8,8,1.0,8,8,1.0
amc12b_2020_p21,AMC,Test,0.0,impossible,0,8,0.0,0,8,0.0,0,8,0.0,0,8,0.0,0,8,0.0,0,8,0.0,0,8,0.0
amc12b_2020_p22,AMC,Test,0.0,impossible,0,8,0.0,0,8,0.0,1,8,0.125,0,8,0.0,0,8,0.0,0,8,0.0,0,8,0.0
amc12b_2020_p5,AMC,Valid,0.875,easy,7,8,0.875,7,8,0.875,8,8,1.0,8,8,1.0,5,8,0.625,7,8,0.875,6,8,0.75
amc12b_2020_p6,AMC,Test,0.0,impossible,0,8,0.0,0,8,0.0,0,8,0.0,0,8,0.0,0,8,0.0,0,8,0.0,0,8,0.0
amc12b_2021_p1,AMC,Test,0.0,impossible,0,8,0.0,0,8,0.0,0,8,0.0,0,8,0.0,0,8,0.0,0,8,0.0,0,8,0.0
amc12b_2021_p13,AMC,Test,0.0,impossible,0,8,0.0,0,8,0.0,0,8,0.0,0,8,0.0,0,8,0.0,0,8,0.0,0,8,0.0
amc12b_2021_p18,AMC,Test,0.0,impossible,0,8,0.0,0,8,0.0,0,8,0.0,0,8,0.0,0,8,0.0,0,8,0.0,0,8,0.0
amc12b_2021_p21,AMC,Valid,0.0,impossible,0,8,0.0,0,8,0.0,0,8,0.0,0,8,0.0,0,8,0.0,0,8,0.0,0,8,0.0
amc12b_2021_p3,AMC,Test,0.0,impossible,0,8,0.0,0,8,0.0,0,8,0.0,0,8,0.0,0,8,0.0,0,8,0.0,0,8,0.0
amc12b_2021_p4,AMC,Test,0.875,easy,7,8,0.875,2,8,0.25,6,8,0.75,3,8,0.375,2,8,0.25,2,8,0.25,6,8,0.75
amc12b_2021_p9,AMC,Test,0.0,impossible,0,8,0.0,0,8,0.0,0,8,0.0,7,8,0.875,3,8,0.375,3,8,0.375,2,8,0.25
imo_1959_p1,IMO,Test,1.0,easy,8,8,1.0,7,8,0.875,7,8,0.875,4,8,0.5,6,8,0.75,4,8,0.5,5,8,0.625
imo_1960_p2,IMO,Test,0.0,impossible,0,8,0.0,1,8,0.125,0,8,0.0,0,8,0.0,0,8,0.0,0,8,0.0,0,8,0.0
imo_1961_p1,IMO,Valid,0.75,easy,6,8,0.75,7,8,0.875,8,8,1.0,8,8,1.0,7,8,0.875,8,8,1.0,5,8,0.625
imo_1962_p2,IMO,Test,0.0,impossible,0,8,0.0,0,8,0.0,0,8,0.0,0,8,0.0,0,8,0.0,2,8,0.25,0,8,0.0
imo_1962_p4,IMO,Valid,0.0,impossible,0,8,0.0,0,8,0.0,0,8,0.0,0,8,0.0,0,8,0.0,0,8,0.0,0,8,0.0
imo_1963_p5,IMO,Test,0.0,impossible,0,8,0.0,0,8,0.0,0,8,0.0,0,8,0.0,0,8,0.0,0,8,0.0,0,8,0.0
imo_1964_p1_1,IMO,Valid,1.0,easy,8,8,1.0,8,8,1.0,8,8,1.0,6,8,0.75,7,8,0.875,8,8,1.0,8,8,1.0
imo_1964_p1_2,IMO,Valid,1.0,easy,8,8,1.0,8,8,1.0,8,8,1.0,6,8,0.75,8,8,1.0,8,8,1.0,8,8,1.0
imo_1964_p2,IMO,Test,1.0,easy,8,8,1.0,5,8,0.625,8,8,1.0,4,8,0.5,8,8,1.0,6,8,0.75,6,8,0.75
imo_1965_p1,IMO,Valid,0.0,impossible,0,8,0.0,0,8,0.0,0,8,0.0,0,8,0.0,0,8,0.0,0,8,0.0,0,8,0.0
imo_1965_p2,IMO,Test,0.0,impossible,0,8,0.0,0,8,0.0,0,8,0.0,0,8,0.0,0,8,0.0,0,8,0.0,0,8,0.0
imo_1966_p4,IMO,Valid,0.25,hard,2,8,0.25,0,8,0.0,1,8,0.125,0,8,0.0,1,8,0.125,0,8,0.0,2,8,0.25
imo_1966_p5,IMO,Valid,0.0,impossible,0,8,0.0,0,8,0.0,0,8,0.0,0,8,0.0,0,8,0.0,0,8,0.0,0,8,0.0
imo_1967_p3,IMO,Valid,0.5,sweet,4,8,0.5,4,8,0.5,3,8,0.375,0,8,0.0,3,8,0.375,2,8,0.25,1,8,0.125
imo_1968_p5_1,IMO,Test,0.0,impossible,0,8,0.0,0,8,0.0,0,8,0.0,0,8,0.0,0,8,0.0,0,8,0.0,0,8,0.0
imo_1969_p2,IMO,Test,0.0,impossible,0,8,0.0,0,8,0.0,0,8,0.0,0,8,0.0,0,8,0.0,0,8,0.0,0,8,0.0
imo_1973_p3,IMO,Valid,0.0,impossible,0,8,0.0,0,8,0.0,0,8,0.0,0,8,0.0,0,8,0.0,0,8,0.0,0,8,0.0
imo_1974_p3,IMO,Test,0.0,impossible,0,8,0.0,0,8,0.0,0,8,0.0,0,8,0.0,0,8,0.0,0,8,0.0,0,8,0.0
imo_1974_p5,IMO,Valid,0.125,hard,1,8,0.125,0,8,0.0,0,8,0.0,0,8,0.0,1,8,0.125,1,8,0.125,0,8,0.0
imo_1977_p5,IMO,Valid,0.0,impossible,0,8,0.0,0,8,0.0,0,8,0.0,0,8,0.0,0,8,0.0,0,8,0.0,0,8,0.0
imo_1977_p6,IMO,Test,0.0,impossible,0,8,0.0,0,8,0.0,0,8,0.0,0,8,0.0,0,8,0.0,0,8,0.0,0,8,0.0
imo_1978_p5,IMO,Valid,0.0,impossible,0,8,0.0,0,8,0.0,0,8,0.0,0,8,0.0,1,8,0.125,0,8,0.0,0,8,0.0
imo_1979_p1,IMO,Valid,0.0,impossible,0,8,0.0,0,8,0.0,0,8,0.0,0,8,0.0,0,8,0.0,0,8,0.0,0,8,0.0
imo_1981_p6,IMO,Test,0.0,impossible,0,8,0.0,0,8,0.0,0,8,0.0,0,8,0.0,0,8,0.0,0,8,0.0,0,8,0.0
imo_1982_p1,IMO,Test,0.0,impossible,0,8,0.0,0,8,0.0,0,8,0.0,0,8,0.0,0,8,0.0,0,8,0.0,0,8,0.0
imo_1983_p6,IMO,Test,1.0,easy,8,8,1.0,7,8,0.875,7,8,0.875,8,8,1.0,8,8,1.0,8,8,1.0,8,8,1.0
imo_1984_p2,IMO,Valid,0.0,impossible,0,8,0.0,4,8,0.5,2,8,0.25,4,8,0.5,1,8,0.125,5,8,0.625,0,8,0.0
imo_1984_p6,IMO,Test,0.0,impossible,0,8,0.0,0,8,0.0,0,8,0.0,0,8,0.0,0,8,0.0,0,8,0.0,0,8,0.0
imo_1985_p6,IMO,Test,0.0,impossible,0,8,0.0,0,8,0.0,0,8,0.0,0,8,0.0,0,8,0.0,0,8,0.0,0,8,0.0
imo_1987_p4,IMO,Valid,0.0,impossible,0,8,0.0,0,8,0.0,0,8,0.0,0,8,0.0,0,8,0.0,0,8,0.0,0,8,0.0
imo_1987_p6,IMO,Valid,0.0,impossible,0,8,0.0,0,8,0.0,0,8,0.0,0,8,0.0,0,8,0.0,0,8,0.0,0,8,0.0
imo_1988_p6,IMO,Valid,0.0,impossible,0,8,0.0,0,8,0.0,0,8,0.0,0,8,0.0,0,8,0.0,0,8,0.0,0,8,0.0
imo_1990_p3,IMO,Valid,0.0,impossible,0,8,0.0,0,8,0.0,0,8,0.0,0,8,0.0,0,8,0.0,0,8,0.0,0,8,0.0
imo_1992_p1,IMO,Test,0.0,impossible,0,8,0.0,0,8,0.0,0,8,0.0,0,8,0.0,0,8,0.0,0,8,0.0,0,8,0.0
imo_1993_p5,IMO,Valid,0.0,impossible,0,8,0.0,0,8,0.0,0,8,0.0,0,8,0.0,0,8,0.0,0,8,0.0,0,8,0.0
imo_1997_p5,IMO,Test,0.0,impossible,0,8,0.0,0,8,0.0,0,8,0.0,0,8,0.0,0,8,0.0,0,8,0.0,0,8,0.0
imo_2001_p6,IMO,Test,0.0,impossible,0,8,0.0,0,8,0.0,0,8,0.0,0,8,0.0,0,8,0.0,0,8,0.0,0,8,0.0
imo_2006_p3,IMO,Valid,0.0,impossible,0,8,0.0,0,8,0.0,0,8,0.0,0,8,0.0,0,8,0.0,0,8,0.0,0,8,0.0
imo_2019_p1,IMO,Test,0.0,impossible,0,8,0.0,0,8,0.0,0,8,0.0,0,8,0.0,0,8,0.0,0,8,0.0,0,8,0.0
imosl_2007_algebra_p6,IMO,Test,0.0,impossible,0,8,0.0,0,8,0.0,0,8,0.0,0,8,0.0,0,8,0.0,0,8,0.0,0,8,0.0
induction_11div10tonmn1ton,Induction,Test,0.75,easy,6,8,0.75,8,8,1.0,8,8,1.0,7,8,0.875,7,8,0.875,5,8,0.625,8,8,1.0
induction_12dvd4expnp1p20,Induction,Test,0.0,impossible,0,8,0.0,0,8,0.0,2,8,0.25,2,8,0.25,3,8,0.375,1,8,0.125,2,8,0.25
induction_1pxpownlt1pnx,Induction,Test,0.25,hard,2,8,0.25,7,8,0.875,4,8,0.5,4,8,0.5,2,8,0.25,2,8,0.25,1,8,0.125
induction_divisibility_3div2tooddnp1,Induction,Valid,1.0,easy,8,8,1.0,6,8,0.75,7,8,0.875,1,8,0.125,8,8,1.0,8,8,1.0,6,8,0.75
induction_divisibility_3divnto3m2n,Induction,Valid,1.0,easy,8,8,1.0,6,8,0.75,8,8,1.0,8,8,1.0,8,8,1.0,8,8,1.0,8,8,1.0
induction_divisibility_9div10tonm1,Induction,Valid,0.25,hard,2,8,0.25,4,8,0.5,5,8,0.625,5,8,0.625,3,8,0.375,2,8,0.25,2,8,0.25
induction_ineq_nsqlefactn,Induction,Valid,0.0,impossible,0,8,0.0,0,8,0.0,0,8,0.0,0,8,0.0,0,8,0.0,0,8,0.0,0,8,0.0
induction_nfactltnexpnm1ngt3,Induction,Test,0.0,impossible,0,8,0.0,0,8,0.0,0,8,0.0,0,8,0.0,0,8,0.0,0,8,0.0,0,8,0.0
induction_pord1p1on2powklt5on2,Induction,Test,0.0,impossible,0,8,0.0,0,8,0.0,0,8,0.0,0,8,0.0,0,8,0.0,0,8,0.0,0,8,0.0
induction_pprime_pdvdapowpma,Induction,Test,0.0,impossible,0,8,0.0,0,8,0.0,0,8,0.0,0,8,0.0,0,8,0.0,0,8,0.0,0,8,0.0
induction_prod1p1onk3le3m1onn,Induction,Test,0.0,impossible,0,8,0.0,2,8,0.25,5,8,0.625,1,8,0.125,3,8,0.375,2,8,0.25,0,8,0.0
induction_seq_mul2pnp1,Induction,Valid,1.0,easy,8,8,1.0,8,8,1.0,7,8,0.875,7,8,0.875,8,8,1.0,8,8,1.0,8,8,1.0
induction_sum2kp1npqsqm1,Induction,Valid,1.0,easy,8,8,1.0,3,8,0.375,7,8,0.875,8,8,1.0,7,8,0.875,8,8,1.0,4,8,0.5
induction_sum_1oktkp1,Induction,Valid,1.0,easy,8,8,1.0,5,8,0.625,8,8,1.0,8,8,1.0,8,8,1.0,6,8,0.75,8,8,1.0
induction_sum_odd,Induction,Valid,1.0,easy,8,8,1.0,6,8,0.75,6,8,0.75,8,8,1.0,8,8,1.0,6,8,0.75,5,8,0.625
induction_sumkexp3eqsumksq,Induction,Test,0.0,impossible,0,8,0.0,0,8,0.0,0,8,0.0,0,8,0.0,0,8,0.0,0,8,0.0,0,8,0.0
mathd_algebra_10,MATHD_Algebra,Valid,1.0,easy,8,8,1.0,8,8,1.0,8,8,1.0,8,8,1.0,8,8,1.0,8,8,1.0,8,8,1.0
mathd_algebra_101,MATHD_Algebra,Valid,1.0,easy,8,8,1.0,8,8,1.0,8,8,1.0,8,8,1.0,8,8,1.0,8,8,1.0,8,8,1.0
mathd_algebra_104,MATHD_Algebra,Valid,1.0,easy,8,8,1.0,8,8,1.0,8,8,1.0,8,8,1.0,7,8,0.875,8,8,1.0,8,8,1.0
mathd_algebra_107,MATHD_Algebra,Test,1.0,easy,8,8,1.0,8,8,1.0,8,8,1.0,8,8,1.0,8,8,1.0,8,8,1.0,8,8,1.0
mathd_algebra_109,MATHD_Algebra,Valid,1.0,easy,8,8,1.0,8,8,1.0,8,8,1.0,8,8,1.0,8,8,1.0,8,8,1.0,8,8,1.0
mathd_algebra_11,MATHD_Algebra,Valid,0.25,hard,2,8,0.25,0,8,0.0,0,8,0.0,0,8,0.0,0,8,0.0,1,8,0.125,0,8,0.0
mathd_algebra_110,MATHD_Algebra,Valid,1.0,easy,8,8,1.0,8,8,1.0,8,8,1.0,7,8,0.875,8,8,1.0,8,8,1.0,8,8,1.0
mathd_algebra_113,MATHD_Algebra,Test,1.0,easy,8,8,1.0,8,8,1.0,8,8,1.0,8,8,1.0,8,8,1.0,8,8,1.0,8,8,1.0
mathd_algebra_114,MATHD_Algebra,Test,0.0,impossible,0,8,0.0,3,8,0.375,7,8,0.875,8,8,1.0,0,8,0.0,1,8,0.125,1,8,0.125
mathd_algebra_116,MATHD_Algebra,Valid,1.0,easy,8,8,1.0,6,8,0.75,8,8,1.0,7,8,0.875,8,8,1.0,8,8,1.0,8,8,1.0
mathd_algebra_119,MATHD_Algebra,Valid,0.875,easy,7,8,0.875,8,8,1.0,7,8,0.875,8,8,1.0,4,8,0.5,3,8,0.375,5,8,0.625
mathd_algebra_123,MATHD_Algebra,Valid,1.0,easy,8,8,1.0,8,8,1.0,8,8,1.0,7,8,0.875,8,8,1.0,8,8,1.0,8,8,1.0
mathd_algebra_125,MATHD_Algebra,Test,1.0,easy,8,8,1.0,7,8,0.875,7,8,0.875,8,8,1.0,7,8,0.875,7,8,0.875,5,8,0.625
mathd_algebra_126,MATHD_Algebra,Valid,1.0,easy,8,8,1.0,6,8,0.75,7,8,0.875,8,8,1.0,8,8,1.0,8,8,1.0,8,8,1.0
mathd_algebra_129,MATHD_Algebra,Test,1.0,easy,8,8,1.0,7,8,0.875,8,8,1.0,8,8,1.0,4,8,0.5,6,8,0.75,8,8,1.0
mathd_algebra_13,MATHD_Algebra,Valid,1.0,easy,8,8,1.0,8,8,1.0,8,8,1.0,7,8,0.875,7,8,0.875,8,8,1.0,8,8,1.0
mathd_algebra_131,MATHD_Algebra,Valid,1.0,easy,8,8,1.0,8,8,1.0,8,8,1.0,8,8,1.0,8,8,1.0,8,8,1.0,8,8,1.0
mathd_algebra_132,MATHD_Algebra,Valid,1.0,easy,8,8,1.0,5,8,0.625,8,8,1.0,8,8,1.0,8,8,1.0,8,8,1.0,8,8,1.0
mathd_algebra_137,MATHD_Algebra,Test,1.0,easy,8,8,1.0,8,8,1.0,8,8,1.0,8,8,1.0,8,8,1.0,8,8,1.0,8,8,1.0
mathd_algebra_139,MATHD_Algebra,Test,0.875,easy,7,8,0.875,7,8,0.875,8,8,1.0,6,8,0.75,8,8,1.0,8,8,1.0,8,8,1.0
mathd_algebra_140,MATHD_Algebra,Valid,1.0,easy,8,8,1.0,8,8,1.0,8,8,1.0,8,8,1.0,8,8,1.0,8,8,1.0,4,8,0.5
mathd_algebra_141,MATHD_Algebra,Test,1.0,easy,8,8,1.0,8,8,1.0,8,8,1.0,7,8,0.875,8,8,1.0,8,8,1.0,8,8,1.0
mathd_algebra_142,MATHD_Algebra,Test,1.0,easy,8,8,1.0,7,8,0.875,8,8,1.0,8,8,1.0,7,8,0.875,6,8,0.75,4,8,0.5
mathd_algebra_143,MATHD_Algebra,Test,1.0,easy,8,8,1.0,8,8,1.0,7,8,0.875,8,8,1.0,8,8,1.0,8,8,1.0,8,8,1.0
mathd_algebra_144,MATHD_Algebra,Valid,1.0,easy,8,8,1.0,7,8,0.875,8,8,1.0,7,8,0.875,7,8,0.875,6,8,0.75,7,8,0.875
mathd_algebra_148,MATHD_Algebra,Test,1.0,easy,8,8,1.0,8,8,1.0,7,8,0.875,8,8,1.0,7,8,0.875,8,8,1.0,8,8,1.0
mathd_algebra_149,MATHD_Algebra,Valid,0.125,hard,1,8,0.125,4,8,0.5,4,8,0.5,0,8,0.0,0,8,0.0,0,8,0.0,1,8,0.125
mathd_algebra_15,MATHD_Algebra,Valid,1.0,easy,8,8,1.0,8,8,1.0,8,8,1.0,8,8,1.0,8,8,1.0,8,8,1.0,8,8,1.0
mathd_algebra_151,MATHD_Algebra,Valid,1.0,easy,8,8,1.0,7,8,0.875,8,8,1.0,8,8,1.0,8,8,1.0,7,8,0.875,8,8,1.0
mathd_algebra_153,MATHD_Algebra,Test,1.0,easy,8,8,1.0,6,8,0.75,7,8,0.875,6,8,0.75,8,8,1.0,8,8,1.0,8,8,1.0
mathd_algebra_156,MATHD_Algebra,Test,0.5,sweet,4,8,0.5,7,8,0.875,7,8,0.875,8,8,1.0,5,8,0.625,8,8,1.0,7,8,0.875
mathd_algebra_158,MATHD_Algebra,Test,0.0,impossible,0,8,0.0,2,8,0.25,0,8,0.0,6,8,0.75,2,8,0.25,1,8,0.125,2,8,0.25
mathd_algebra_159,MATHD_Algebra,Valid,1.0,easy,8,8,1.0,8,8,1.0,5,8,0.625,8,8,1.0,8,8,1.0,8,8,1.0,8,8,1.0
mathd_algebra_160,MATHD_Algebra,Test,1.0,easy,8,8,1.0,8,8,1.0,8,8,1.0,8,8,1.0,8,8,1.0,8,8,1.0,8,8,1.0
mathd_algebra_17,MATHD_Algebra,Test,0.0,impossible,0,8,0.0,0,8,0.0,0,8,0.0,0,8,0.0,0,8,0.0,0,8,0.0,0,8,0.0
mathd_algebra_170,MATHD_Algebra,Test,0.25,hard,2,8,0.25,2,8,0.25,1,8,0.125,1,8,0.125,4,8,0.5,0,8,0.0,0,8,0.0
mathd_algebra_171,MATHD_Algebra,Test,1.0,easy,8,8,1.0,8,8,1.0,8,8,1.0,8,8,1.0,8,8,1.0,8,8,1.0,8,8,1.0
mathd_algebra_176,MATHD_Algebra,Test,0.75,easy,6,8,0.75,7,8,0.875,7,8,0.875,6,8,0.75,6,8,0.75,4,8,0.5,5,8,0.625
mathd_algebra_181,MATHD_Algebra,Valid,0.75,easy,6,8,0.75,8,8,1.0,8,8,1.0,7,8,0.875,4,8,0.5,8,8,1.0,2,8,0.25
mathd_algebra_182,MATHD_Algebra,Valid,1.0,easy,8,8,1.0,7,8,0.875,8,8,1.0,8,8,1.0,8,8,1.0,8,8,1.0,8,8,1.0
mathd_algebra_184,MATHD_Algebra,Test,0.0,impossible,0,8,0.0,0,8,0.0,0,8,0.0,0,8,0.0,0,8,0.0,0,8,0.0,0,8,0.0
mathd_algebra_185,MATHD_Algebra,Valid,0.875,easy,7,8,0.875,6,8,0.75,7,8,0.875,8,8,1.0,8,8,1.0,5,8,0.625,7,8,0.875
mathd_algebra_188,MATHD_Algebra,Test,1.0,easy,8,8,1.0,8,8,1.0,7,8,0.875,8,8,1.0,7,8,0.875,8,8,1.0,8,8,1.0
mathd_algebra_190,MATHD_Algebra,Valid,1.0,easy,8,8,1.0,8,8,1.0,8,8,1.0,8,8,1.0,8,8,1.0,8,8,1.0,8,8,1.0
mathd_algebra_192,MATHD_Algebra,Valid,1.0,easy,8,8,1.0,8,8,1.0,7,8,0.875,8,8,1.0,8,8,1.0,8,8,1.0,8,8,1.0
mathd_algebra_196,MATHD_Algebra,Test,0.625,easy,5,8,0.625,4,8,0.5,8,8,1.0,7,8,0.875,4,8,0.5,7,8,0.875,7,8,0.875
mathd_algebra_206,MATHD_Algebra,Valid,1.0,easy,8,8,1.0,8,8,1.0,8,8,1.0,5,8,0.625,8,8,1.0,7,8,0.875,8,8,1.0
mathd_algebra_208,MATHD_Algebra,Test,0.0,impossible,0,8,0.0,0,8,0.0,0,8,0.0,0,8,0.0,0,8,0.0,0,8,0.0,0,8,0.0
mathd_algebra_209,MATHD_Algebra,Test,0.25,hard,2,8,0.25,6,8,0.75,2,8,0.25,0,8,0.0,5,8,0.625,3,8,0.375,4,8,0.5
mathd_algebra_214,MATHD_Algebra,Valid,1.0,easy,8,8,1.0,6,8,0.75,8,8,1.0,8,8,1.0,8,8,1.0,8,8,1.0,8,8,1.0
mathd_algebra_215,MATHD_Algebra,Test,0.625,easy,5,8,0.625,6,8,0.75,4,8,0.5,6,8,0.75,5,8,0.625,2,8,0.25,6,8,0.75
mathd_algebra_22,MATHD_Algebra,Valid,0.125,hard,1,8,0.125,0,8,0.0,0,8,0.0,0,8,0.0,1,8,0.125,1,8,0.125,3,8,0.375
mathd_algebra_224,MATHD_Algebra,Valid,0.75,easy,6,8,0.75,6,8,0.75,2,8,0.25,8,8,1.0,8,8,1.0,6,8,0.75,3,8,0.375
mathd_algebra_234,MATHD_Algebra,Valid,1.0,easy,8,8,1.0,8,8,1.0,8,8,1.0,8,8,1.0,8,8,1.0,8,8,1.0,8,8,1.0
mathd_algebra_24,MATHD_Algebra,Test,0.625,easy,5,8,0.625,4,8,0.5,7,8,0.875,4,8,0.5,6,8,0.75,6,8,0.75,8,8,1.0
mathd_algebra_245,MATHD_Algebra,Valid,1.0,easy,8,8,1.0,8,8,1.0,8,8,1.0,8,8,1.0,8,8,1.0,7,8,0.875,8,8,1.0
mathd_algebra_246,MATHD_Algebra,Test,0.875,easy,7,8,0.875,7,8,0.875,5,8,0.625,8,8,1.0,8,8,1.0,8,8,1.0,8,8,1.0
mathd_algebra_247,MATHD_Algebra,Valid,0.75,easy,6,8,0.75,7,8,0.875,8,8,1.0,7,8,0.875,4,8,0.5,7,8,0.875,7,8,0.875
mathd_algebra_251,MATHD_Algebra,Valid,0.75,easy,6,8,0.75,7,8,0.875,2,8,0.25,7,8,0.875,4,8,0.5,6,8,0.75,5,8,0.625
mathd_algebra_263,MATHD_Algebra,Test,0.25,hard,2,8,0.25,2,8,0.25,7,8,0.875,8,8,1.0,1,8,0.125,0,8,0.0,3,8,0.375
mathd_algebra_267,MATHD_Algebra,Valid,1.0,easy,8,8,1.0,8,8,1.0,8,8,1.0,8,8,1.0,8,8,1.0,8,8,1.0,5,8,0.625
mathd_algebra_270,MATHD_Algebra,Test,1.0,easy,8,8,1.0,8,8,1.0,8,8,1.0,8,8,1.0,8,8,1.0,8,8,1.0,8,8,1.0
mathd_algebra_275,MATHD_Algebra,Test,0.0,impossible,0,8,0.0,1,8,0.125,1,8,0.125,0,8,0.0,0,8,0.0,0,8,0.0,0,8,0.0
mathd_algebra_276,MATHD_Algebra,Test,0.0,impossible,0,8,0.0,0,8,0.0,0,8,0.0,0,8,0.0,0,8,0.0,0,8,0.0,0,8,0.0
mathd_algebra_28,MATHD_Algebra,Valid,1.0,easy,8,8,1.0,8,8,1.0,8,8,1.0,8,8,1.0,8,8,1.0,8,8,1.0,8,8,1.0
mathd_algebra_282,MATHD_Algebra,Valid,0.0,impossible,0,8,0.0,0,8,0.0,0,8,0.0,0,8,0.0,0,8,0.0,0,8,0.0,0,8,0.0
mathd_algebra_288,MATHD_Algebra,Test,0.0,impossible,0,8,0.0,0,8,0.0,0,8,0.0,0,8,0.0,0,8,0.0,0,8,0.0,0,8,0.0
mathd_algebra_289,MATHD_Algebra,Test,0.875,easy,7,8,0.875,3,8,0.375,3,8,0.375,1,8,0.125,7,8,0.875,8,8,1.0,5,8,0.625
mathd_algebra_293,MATHD_Algebra,Test,0.0,impossible,0,8,0.0,0,8,0.0,0,8,0.0,0,8,0.0,0,8,0.0,0,8,0.0,0,8,0.0
mathd_algebra_296,MATHD_Algebra,Test,1.0,easy,8,8,1.0,8,8,1.0,8,8,1.0,8,8,1.0,8,8,1.0,8,8,1.0,8,8,1.0
mathd_algebra_302,MATHD_Algebra,Test,1.0,easy,8,8,1.0,8,8,1.0,8,8,1.0,8,8,1.0,8,8,1.0,8,8,1.0,7,8,0.875
mathd_algebra_304,MATHD_Algebra,Test,1.0,easy,8,8,1.0,7,8,0.875,8,8,1.0,8,8,1.0,8,8,1.0,8,8,1.0,8,8,1.0
mathd_algebra_31,MATHD_Algebra,Valid,0.0,impossible,0,8,0.0,0,8,0.0,0,8,0.0,0,8,0.0,0,8,0.0,0,8,0.0,0,8,0.0
mathd_algebra_313,MATHD_Algebra,Test,0.125,hard,1,8,0.125,1,8,0.125,0,8,0.0,0,8,0.0,2,8,0.25,1,8,0.125,2,8,0.25
mathd_algebra_314,MATHD_Algebra,Test,1.0,easy,8,8,1.0,8,8,1.0,8,8,1.0,8,8,1.0,8,8,1.0,8,8,1.0,8,8,1.0
mathd_algebra_320,MATHD_Algebra,Test,0.0,impossible,0,8,0.0,0,8,0.0,0,8,0.0,0,8,0.0,0,8,0.0,0,8,0.0,0,8,0.0
mathd_algebra_323,MATHD_Algebra,Valid,1.0,easy,8,8,1.0,4,8,0.5,8,8,1.0,6,8,0.75,7,8,0.875,3,8,0.375,8,8,1.0
mathd_algebra_327,MATHD_Algebra,Valid,1.0,easy,8,8,1.0,8,8,1.0,7,8,0.875,7,8,0.875,6,8,0.75,7,8,0.875,4,8,0.5
mathd_algebra_329,MATHD_Algebra,Test,1.0,easy,8,8,1.0,7,8,0.875,8,8,1.0,7,8,0.875,8,8,1.0,8,8,1.0,8,8,1.0
mathd_algebra_33,MATHD_Algebra,Test,1.0,easy,8,8,1.0,6,8,0.75,8,8,1.0,8,8,1.0,8,8,1.0,8,8,1.0,8,8,1.0
mathd_algebra_332,MATHD_Algebra,Test,0.25,hard,2,8,0.25,5,8,0.625,5,8,0.625,6,8,0.75,8,8,1.0,8,8,1.0,7,8,0.875
mathd_algebra_338,MATHD_Algebra,Test,0.75,easy,6,8,0.75,3,8,0.375,3,8,0.375,8,8,1.0,0,8,0.0,0,8,0.0,1,8,0.125
mathd_algebra_342,MATHD_Algebra,Test,1.0,easy,8,8,1.0,8,8,1.0,8,8,1.0,8,8,1.0,8,8,1.0,8,8,1.0,8,8,1.0
mathd_algebra_346,MATHD_Algebra,Test,1.0,easy,8,8,1.0,8,8,1.0,8,8,1.0,8,8,1.0,8,8,1.0,8,8,1.0,8,8,1.0
mathd_algebra_35,MATHD_Algebra,Valid,1.0,easy,8,8,1.0,7,8,0.875,8,8,1.0,8,8,1.0,8,8,1.0,8,8,1.0,8,8,1.0
mathd_algebra_354,MATHD_Algebra,Test,1.0,easy,8,8,1.0,8,8,1.0,8,8,1.0,8,8,1.0,8,8,1.0,8,8,1.0,8,8,1.0
mathd_algebra_359,MATHD_Algebra,Test,1.0,easy,8,8,1.0,8,8,1.0,8,8,1.0,8,8,1.0,8,8,1.0,8,8,1.0,8,8,1.0
mathd_algebra_362,MATHD_Algebra,Test,0.0,impossible,0,8,0.0,0,8,0.0,0,8,0.0,0,8,0.0,0,8,0.0,0,8,0.0,0,8,0.0
mathd_algebra_37,MATHD_Algebra,Valid,1.0,easy,8,8,1.0,8,8,1.0,7,8,0.875,8,8,1.0,8,8,1.0,8,8,1.0,8,8,1.0
mathd_algebra_388,MATHD_Algebra,Test,1.0,easy,8,8,1.0,8,8,1.0,8,8,1.0,8,8,1.0,8,8,1.0,8,8,1.0,8,8,1.0
mathd_algebra_392,MATHD_Algebra,Test,0.0,impossible,0,8,0.0,0,8,0.0,0,8,0.0,1,8,0.125,0,8,0.0,0,8,0.0,0,8,0.0
mathd_algebra_393,MATHD_Algebra,Valid,0.875,easy,7,8,0.875,2,8,0.25,5,8,0.625,8,8,1.0,6,8,0.75,6,8,0.75,1,8,0.125
mathd_algebra_398,MATHD_Algebra,Test,1.0,easy,8,8,1.0,8,8,1.0,8,8,1.0,8,8,1.0,8,8,1.0,8,8,1.0,8,8,1.0
mathd_algebra_400,MATHD_Algebra,Test,0.875,easy,7,8,0.875,6,8,0.75,8,8,1.0,8,8,1.0,8,8,1.0,7,8,0.875,8,8,1.0
mathd_algebra_405,MATHD_Algebra,Valid,0.875,easy,7,8,0.875,6,8,0.75,8,8,1.0,6,8,0.75,6,8,0.75,7,8,0.875,8,8,1.0
mathd_algebra_410,MATHD_Algebra,Valid,1.0,easy,8,8,1.0,8,8,1.0,6,8,0.75,8,8,1.0,8,8,1.0,8,8,1.0,8,8,1.0
mathd_algebra_412,MATHD_Algebra,Test,1.0,easy,8,8,1.0,8,8,1.0,7,8,0.875,8,8,1.0,8,8,1.0,8,8,1.0,8,8,1.0
mathd_algebra_419,MATHD_Algebra,Test,1.0,easy,8,8,1.0,8,8,1.0,8,8,1.0,8,8,1.0,8,8,1.0,8,8,1.0,8,8,1.0
mathd_algebra_421,MATHD_Algebra,Valid,1.0,easy,8,8,1.0,8,8,1.0,8,8,1.0,8,8,1.0,8,8,1.0,8,8,1.0,8,8,1.0
mathd_algebra_422,MATHD_Algebra,Valid,0.5,sweet,4,8,0.5,5,8,0.625,6,8,0.75,8,8,1.0,8,8,1.0,6,8,0.75,8,8,1.0
mathd_algebra_427,MATHD_Algebra,Test,0.625,easy,5,8,0.625,8,8,1.0,7,8,0.875,8,8,1.0,8,8,1.0,8,8,1.0,8,8,1.0
mathd_algebra_43,MATHD_Algebra,Valid,1.0,easy,8,8,1.0,7,8,0.875,7,8,0.875,8,8,1.0,8,8,1.0,8,8,1.0,8,8,1.0
mathd_algebra_432,MATHD_Algebra,Test,0.875,easy,7,8,0.875,7,8,0.875,6,8,0.75,8,8,1.0,8,8,1.0,8,8,1.0,7,8,0.875
mathd_algebra_433,MATHD_Algebra,Valid,0.0,impossible,0,8,0.0,0,8,0.0,0,8,0.0,0,8,0.0,0,8,0.0,0,8,0.0,0,8,0.0
mathd_algebra_437,MATHD_Algebra,Valid,0.5,sweet,4,8,0.5,3,8,0.375,6,8,0.75,6,8,0.75,7,8,0.875,5,8,0.625,4,8,0.5
mathd_algebra_44,MATHD_Algebra,Test,0.875,easy,7,8,0.875,8,8,1.0,8,8,1.0,7,8,0.875,7,8,0.875,8,8,1.0,8,8,1.0
mathd_algebra_440,MATHD_Algebra,Test,0.5,sweet,4,8,0.5,7,8,0.875,8,8,1.0,3,8,0.375,6,8,0.75,5,8,0.625,8,8,1.0
mathd_algebra_441,MATHD_Algebra,Test,1.0,easy,8,8,1.0,7,8,0.875,8,8,1.0,8,8,1.0,8,8,1.0,8,8,1.0,8,8,1.0
mathd_algebra_451,MATHD_Algebra,Valid,1.0,easy,8,8,1.0,7,8,0.875,8,8,1.0,8,8,1.0,7,8,0.875,7,8,0.875,7,8,0.875
mathd_algebra_452,MATHD_Algebra,Test,0.625,easy,5,8,0.625,7,8,0.875,8,8,1.0,7,8,0.875,5,8,0.625,5,8,0.625,0,8,0.0
mathd_algebra_455,MATHD_Algebra,Valid,0.625,easy,5,8,0.625,6,8,0.75,8,8,1.0,8,8,1.0,8,8,1.0,7,8,0.875,8,8,1.0
mathd_algebra_459,MATHD_Algebra,Test,0.0,impossible,0,8,0.0,0,8,0.0,0,8,0.0,0,8,0.0,0,8,0.0,0,8,0.0,0,8,0.0
mathd_algebra_462,MATHD_Algebra,Valid,1.0,easy,8,8,1.0,8,8,1.0,7,8,0.875,8,8,1.0,8,8,1.0,8,8,1.0,8,8,1.0
mathd_algebra_478,MATHD_Algebra,Test,0.875,easy,7,8,0.875,2,8,0.25,0,8,0.0,8,8,1.0,8,8,1.0,7,8,0.875,8,8,1.0
mathd_algebra_48,MATHD_Algebra,Valid,1.0,easy,8,8,1.0,5,8,0.625,7,8,0.875,8,8,1.0,8,8,1.0,8,8,1.0,6,8,0.75
mathd_algebra_480,MATHD_Algebra,Valid,0.0,impossible,0,8,0.0,0,8,0.0,0,8,0.0,0,8,0.0,0,8,0.0,0,8,0.0,0,8,0.0
mathd_algebra_482,MATHD_Algebra,Valid,0.125,hard,1,8,0.125,1,8,0.125,0,8,0.0,0,8,0.0,1,8,0.125,0,8,0.0,0,8,0.0
mathd_algebra_484,MATHD_Algebra,Test,0.25,hard,2,8,0.25,2,8,0.25,3,8,0.375,1,8,0.125,2,8,0.25,1,8,0.125,0,8,0.0
mathd_algebra_487,MATHD_Algebra,Test,0.0,impossible,0,8,0.0,0,8,0.0,0,8,0.0,0,8,0.0,0,8,0.0,0,8,0.0,0,8,0.0
mathd_algebra_493,MATHD_Algebra,Valid,0.0,impossible,0,8,0.0,1,8,0.125,0,8,0.0,0,8,0.0,1,8,0.125,0,8,0.0,8,8,1.0
mathd_algebra_509,MATHD_Algebra,Valid,0.0,impossible,0,8,0.0,3,8,0.375,0,8,0.0,0,8,0.0,0,8,0.0,0,8,0.0,8,8,1.0
mathd_algebra_51,MATHD_Algebra,Valid,1.0,easy,8,8,1.0,7,8,0.875,7,8,0.875,6,8,0.75,7,8,0.875,8,8,1.0,8,8,1.0
mathd_algebra_510,MATHD_Algebra,Valid,0.875,easy,7,8,0.875,4,8,0.5,3,8,0.375,8,8,1.0,3,8,0.375,0,8,0.0,0,8,0.0
mathd_algebra_513,MATHD_Algebra,Test,1.0,easy,8,8,1.0,8,8,1.0,8,8,1.0,8,8,1.0,8,8,1.0,8,8,1.0,8,8,1.0
mathd_algebra_536,MATHD_Algebra,Valid,0.0,impossible,0,8,0.0,0,8,0.0,0,8,0.0,0,8,0.0,0,8,0.0,0,8,0.0,0,8,0.0
mathd_algebra_547,MATHD_Algebra,Valid,0.0,impossible,0,8,0.0,2,8,0.25,1,8,0.125,6,8,0.75,1,8,0.125,4,8,0.5,0,8,0.0
mathd_algebra_55,MATHD_Algebra,Valid,1.0,easy,8,8,1.0,7,8,0.875,8,8,1.0,8,8,1.0,8,8,1.0,8,8,1.0,8,8,1.0
mathd_algebra_568,MATHD_Algebra,Valid,1.0,easy,8,8,1.0,8,8,1.0,8,8,1.0,7,8,0.875,8,8,1.0,8,8,1.0,8,8,1.0
mathd_algebra_59,MATHD_Algebra,Valid,0.25,hard,2,8,0.25,0,8,0.0,1,8,0.125,1,8,0.125,0,8,0.0,2,8,0.25,0,8,0.0
mathd_algebra_598,MATHD_Algebra,Test,0.0,impossible,0,8,0.0,0,8,0.0,0,8,0.0,0,8,0.0,0,8,0.0,0,8,0.0,0,8,0.0
mathd_algebra_616,MATHD_Algebra,Valid,1.0,easy,8,8,1.0,6,8,0.75,7,8,0.875,8,8,1.0,8,8,1.0,8,8,1.0,8,8,1.0
mathd_algebra_67,MATHD_Algebra,Valid,1.0,easy,8,8,1.0,8,8,1.0,8,8,1.0,8,8,1.0,8,8,1.0,8,8,1.0,8,8,1.0
mathd_algebra_69,MATHD_Algebra,Valid,0.375,sweet,3,8,0.375,2,8,0.25,8,8,1.0,4,8,0.5,8,8,1.0,7,8,0.875,4,8,0.5
mathd_algebra_73,MATHD_Algebra,Valid,1.0,easy,8,8,1.0,8,8,1.0,8,8,1.0,8,8,1.0,8,8,1.0,8,8,1.0,8,8,1.0
mathd_algebra_756,MATHD_Algebra,Test,0.0,impossible,0,8,0.0,0,8,0.0,0,8,0.0,0,8,0.0,0,8,0.0,0,8,0.0,0,8,0.0
mathd_algebra_76,MATHD_Algebra,Test,0.875,easy,7,8,0.875,4,8,0.5,5,8,0.625,7,8,0.875,4,8,0.5,5,8,0.625,5,8,0.625
mathd_algebra_77,MATHD_Algebra,Valid,0.75,easy,6,8,0.75,4,8,0.5,7,8,0.875,6,8,0.75,5,8,0.625,8,8,1.0,5,8,0.625
mathd_algebra_80,MATHD_Algebra,Test,1.0,easy,8,8,1.0,7,8,0.875,6,8,0.75,8,8,1.0,8,8,1.0,8,8,1.0,7,8,0.875
mathd_algebra_89,MATHD_Algebra,Valid,0.0,impossible,0,8,0.0,1,8,0.125,0,8,0.0,1,8,0.125,0,8,0.0,1,8,0.125,2,8,0.25
mathd_algebra_96,MATHD_Algebra,Valid,1.0,easy,8,8,1.0,7,8,0.875,8,8,1.0,6,8,0.75,7,8,0.875,8,8,1.0,8,8,1.0
mathd_numbertheory_100,MATHD_NumberTheory,Test,0.5,sweet,4,8,0.5,2,8,0.25,4,8,0.5,5,8,0.625,2,8,0.25,1,8,0.125,0,8,0.0
mathd_numbertheory_101,MATHD_NumberTheory,Valid,1.0,easy,8,8,1.0,7,8,0.875,8,8,1.0,0,8,0.0,8,8,1.0,8,8,1.0,7,8,0.875
mathd_numbertheory_102,MATHD_NumberTheory,Valid,0.75,easy,6,8,0.75,8,8,1.0,7,8,0.875,7,8,0.875,7,8,0.875,8,8,1.0,8,8,1.0
mathd_numbertheory_109,MATHD_NumberTheory,Valid,0.5,sweet,4,8,0.5,4,8,0.5,8,8,1.0,8,8,1.0,7,8,0.875,4,8,0.5,7,8,0.875
mathd_numbertheory_110,MATHD_NumberTheory,Valid,1.0,easy,8,8,1.0,8,8,1.0,8,8,1.0,8,8,1.0,8,8,1.0,8,8,1.0,8,8,1.0
mathd_numbertheory_1124,MATHD_NumberTheory,Test,1.0,easy,8,8,1.0,8,8,1.0,8,8,1.0,8,8,1.0,8,8,1.0,8,8,1.0,8,8,1.0
mathd_numbertheory_12,MATHD_NumberTheory,Test,0.75,easy,6,8,0.75,8,8,1.0,8,8,1.0,6,8,0.75,7,8,0.875,6,8,0.75,7,8,0.875
mathd_numbertheory_126,MATHD_NumberTheory,Valid,0.0,impossible,0,8,0.0,0,8,0.0,0,8,0.0,0,8,0.0,0,8,0.0,0,8,0.0,0,8,0.0
mathd_numbertheory_127,MATHD_NumberTheory,Test,0.875,easy,7,8,0.875,6,8,0.75,7,8,0.875,5,8,0.625,5,8,0.625,8,8,1.0,6,8,0.75
mathd_numbertheory_13,MATHD_NumberTheory,Valid,0.0,impossible,0,8,0.0,0,8,0.0,0,8,0.0,0,8,0.0,0,8,0.0,0,8,0.0,0,8,0.0
mathd_numbertheory_132,MATHD_NumberTheory,Valid,1.0,easy,8,8,1.0,8,8,1.0,8,8,1.0,8,8,1.0,8,8,1.0,8,8,1.0,8,8,1.0
mathd_numbertheory_135,MATHD_NumberTheory,Test,0.25,hard,2,8,0.25,1,8,0.125,1,8,0.125,1,8,0.125,0,8,0.0,1,8,0.125,0,8,0.0
mathd_numbertheory_136,MATHD_NumberTheory,Valid,1.0,easy,8,8,1.0,8,8,1.0,8,8,1.0,8,8,1.0,8,8,1.0,8,8,1.0,8,8,1.0
mathd_numbertheory_149,MATHD_NumberTheory,Valid,1.0,easy,8,8,1.0,8,8,1.0,8,8,1.0,8,8,1.0,7,8,0.875,6,8,0.75,8,8,1.0
mathd_numbertheory_150,MATHD_NumberTheory,Test,0.625,easy,5,8,0.625,7,8,0.875,5,8,0.625,8,8,1.0,3,8,0.375,3,8,0.375,1,8,0.125
mathd_numbertheory_155,MATHD_NumberTheory,Valid,0.875,easy,7,8,0.875,6,8,0.75,8,8,1.0,6,8,0.75,3,8,0.375,6,8,0.75,2,8,0.25
mathd_numbertheory_156,MATHD_NumberTheory,Valid,0.0,impossible,0,8,0.0,0,8,0.0,0,8,0.0,0,8,0.0,0,8,0.0,0,8,0.0,0,8,0.0
mathd_numbertheory_169,MATHD_NumberTheory,Valid,0.0,impossible,0,8,0.0,0,8,0.0,0,8,0.0,0,8,0.0,0,8,0.0,0,8,0.0,0,8,0.0
mathd_numbertheory_175,MATHD_NumberTheory,Test,0.0,impossible,0,8,0.0,0,8,0.0,0,8,0.0,0,8,0.0,0,8,0.0,0,8,0.0,0,8,0.0
mathd_numbertheory_185,MATHD_NumberTheory,Test,1.0,easy,8,8,1.0,8,8,1.0,8,8,1.0,6,8,0.75,8,8,1.0,8,8,1.0,8,8,1.0
mathd_numbertheory_188,MATHD_NumberTheory,Valid,1.0,easy,8,8,1.0,7,8,0.875,8,8,1.0,8,8,1.0,8,8,1.0,8,8,1.0,8,8,1.0
mathd_numbertheory_198,MATHD_NumberTheory,Valid,0.0,impossible,0,8,0.0,0,8,0.0,0,8,0.0,0,8,0.0,0,8,0.0,0,8,0.0,0,8,0.0
mathd_numbertheory_200,MATHD_NumberTheory,Valid,1.0,easy,8,8,1.0,8,8,1.0,8,8,1.0,8,8,1.0,8,8,1.0,8,8,1.0,8,8,1.0
mathd_numbertheory_202,MATHD_NumberTheory,Valid,1.0,easy,8,8,1.0,8,8,1.0,6,8,0.75,8,8,1.0,7,8,0.875,8,8,1.0,8,8,1.0
mathd_numbertheory_207,MATHD_NumberTheory,Test,1.0,easy,8,8,1.0,8,8,1.0,8,8,1.0,8,8,1.0,8,8,1.0,8,8,1.0,8,8,1.0
mathd_numbertheory_211,MATHD_NumberTheory,Valid,0.875,easy,7,8,0.875,7,8,0.875,8,8,1.0,8,8,1.0,8,8,1.0,5,8,0.625,8,8,1.0
mathd_numbertheory_212,MATHD_NumberTheory,Test,1.0,easy,8,8,1.0,7,8,0.875,8,8,1.0,8,8,1.0,8,8,1.0,8,8,1.0,8,8,1.0
mathd_numbertheory_22,MATHD_NumberTheory,Valid,0.125,hard,1,8,0.125,1,8,0.125,0,8,0.0,0,8,0.0,0,8,0.0,0,8,0.0,4,8,0.5
mathd_numbertheory_221,MATHD_NumberTheory,Valid,0.0,impossible,0,8,0.0,0,8,0.0,0,8,0.0,0,8,0.0,0,8,0.0,0,8,0.0,0,8,0.0
mathd_numbertheory_222,MATHD_NumberTheory,Test,0.75,easy,6,8,0.75,7,8,0.875,8,8,1.0,7,8,0.875,8,8,1.0,8,8,1.0,5,8,0.625
mathd_numbertheory_227,MATHD_NumberTheory,Test,0.0,impossible,0,8,0.0,0,8,0.0,0,8,0.0,0,8,0.0,0,8,0.0,0,8,0.0,0,8,0.0
mathd_numbertheory_229,MATHD_NumberTheory,Test,1.0,easy,8,8,1.0,8,8,1.0,8,8,1.0,8,8,1.0,8,8,1.0,8,8,1.0,6,8,0.75
mathd_numbertheory_232,MATHD_NumberTheory,Valid,0.25,hard,2,8,0.25,3,8,0.375,7,8,0.875,0,8,0.0,0,8,0.0,1,8,0.125,0,8,0.0
mathd_numbertheory_233,MATHD_NumberTheory,Test,0.0,impossible,0,8,0.0,2,8,0.25,1,8,0.125,0,8,0.0,6,8,0.75,0,8,0.0,1,8,0.125
mathd_numbertheory_234,MATHD_NumberTheory,Test,0.0,impossible,0,8,0.0,0,8,0.0,0,8,0.0,1,8,0.125,0,8,0.0,1,8,0.125,0,8,0.0
mathd_numbertheory_235,MATHD_NumberTheory,Test,1.0,easy,8,8,1.0,8,8,1.0,8,8,1.0,8,8,1.0,8,8,1.0,8,8,1.0,8,8,1.0
mathd_numbertheory_236,MATHD_NumberTheory,Valid,0.0,impossible,0,8,0.0,0,8,0.0,0,8,0.0,0,8,0.0,0,8,0.0,0,8,0.0,0,8,0.0
mathd_numbertheory_237,MATHD_NumberTheory,Test,1.0,easy,8,8,1.0,8,8,1.0,8,8,1.0,7,8,0.875,7,8,0.875,7,8,0.875,4,8,0.5
mathd_numbertheory_239,MATHD_NumberTheory,Test,0.625,easy,5,8,0.625,8,8,1.0,7,8,0.875,8,8,1.0,8,8,1.0,8,8,1.0,7,8,0.875
mathd_numbertheory_24,MATHD_NumberTheory,Valid,0.75,easy,6,8,0.75,8,8,1.0,3,8,0.375,1,8,0.125,8,8,1.0,7,8,0.875,8,8,1.0
mathd_numbertheory_247,MATHD_NumberTheory,Test,1.0,easy,8,8,1.0,8,8,1.0,7,8,0.875,8,8,1.0,8,8,1.0,8,8,1.0,7,8,0.875
mathd_numbertheory_252,MATHD_NumberTheory,Valid,0.0,impossible,0,8,0.0,0,8,0.0,0,8,0.0,0,8,0.0,0,8,0.0,0,8,0.0,0,8,0.0
mathd_numbertheory_254,MATHD_NumberTheory,Test,1.0,easy,8,8,1.0,8,8,1.0,8,8,1.0,8,8,1.0,8,8,1.0,8,8,1.0,8,8,1.0
mathd_numbertheory_257,MATHD_NumberTheory,Valid,1.0,easy,8,8,1.0,4,8,0.5,6,8,0.75,4,8,0.5,8,8,1.0,8,8,1.0,7,8,0.875
mathd_numbertheory_269,MATHD_NumberTheory,Valid,1.0,easy,8,8,1.0,7,8,0.875,6,8,0.75,4,8,0.5,8,8,1.0,8,8,1.0,8,8,1.0
mathd_numbertheory_277,MATHD_NumberTheory,Test,0.125,hard,1,8,0.125,1,8,0.125,0,8,0.0,0,8,0.0,0,8,0.0,0,8,0.0,0,8,0.0
mathd_numbertheory_284,MATHD_NumberTheory,Valid,1.0,easy,8,8,1.0,7,8,0.875,8,8,1.0,8,8,1.0,7,8,0.875,8,8,1.0,7,8,0.875
mathd_numbertheory_293,MATHD_NumberTheory,Test,1.0,easy,8,8,1.0,8,8,1.0,8,8,1.0,8,8,1.0,8,8,1.0,8,8,1.0,8,8,1.0
mathd_numbertheory_296,MATHD_NumberTheory,Test,0.0,impossible,0,8,0.0,0,8,0.0,0,8,0.0,0,8,0.0,0,8,0.0,0,8,0.0,0,8,0.0
mathd_numbertheory_299,MATHD_NumberTheory,Test,1.0,easy,8,8,1.0,7,8,0.875,8,8,1.0,8,8,1.0,8,8,1.0,5,8,0.625,5,8,0.625
mathd_numbertheory_3,MATHD_NumberTheory,Test,1.0,easy,8,8,1.0,8,8,1.0,8,8,1.0,7,8,0.875,8,8,1.0,8,8,1.0,8,8,1.0
mathd_numbertheory_30,MATHD_NumberTheory,Valid,1.0,easy,8,8,1.0,8,8,1.0,8,8,1.0,8,8,1.0,8,8,1.0,8,8,1.0,8,8,1.0
mathd_numbertheory_301,MATHD_NumberTheory,Valid,1.0,easy,8,8,1.0,8,8,1.0,8,8,1.0,7,8,0.875,8,8,1.0,8,8,1.0,7,8,0.875
mathd_numbertheory_303,MATHD_NumberTheory,Valid,0.25,hard,2,8,0.25,1,8,0.125,5,8,0.625,4,8,0.5,1,8,0.125,1,8,0.125,1,8,0.125
mathd_numbertheory_314,MATHD_NumberTheory,Test,0.0,impossible,0,8,0.0,0,8,0.0,1,8,0.125,0,8,0.0,0,8,0.0,0,8,0.0,0,8,0.0
mathd_numbertheory_32,MATHD_NumberTheory,Valid,1.0,easy,8,8,1.0,7,8,0.875,8,8,1.0,8,8,1.0,8,8,1.0,8,8,1.0,8,8,1.0
mathd_numbertheory_320,MATHD_NumberTheory,Test,0.125,hard,1,8,0.125,4,8,0.5,8,8,1.0,8,8,1.0,2,8,0.25,0,8,0.0,1,8,0.125
mathd_numbertheory_321,MATHD_NumberTheory,Test,0.25,hard,2,8,0.25,3,8,0.375,3,8,0.375,2,8,0.25,5,8,0.625,4,8,0.5,1,8,0.125
mathd_numbertheory_326,MATHD_NumberTheory,Valid,0.375,sweet,3,8,0.375,4,8,0.5,6,8,0.75,0,8,0.0,1,8,0.125,1,8,0.125,2,8,0.25
mathd_numbertheory_328,MATHD_NumberTheory,Test,0.25,hard,2,8,0.25,0,8,0.0,0,8,0.0,0,8,0.0,0,8,0.0,0,8,0.0,0,8,0.0
mathd_numbertheory_33,MATHD_NumberTheory,Valid,0.5,sweet,4,8,0.5,7,8,0.875,8,8,1.0,8,8,1.0,7,8,0.875,5,8,0.625,8,8,1.0
mathd_numbertheory_335,MATHD_NumberTheory,Valid,1.0,easy,8,8,1.0,8,8,1.0,7,8,0.875,8,8,1.0,5,8,0.625,4,8,0.5,8,8,1.0
mathd_numbertheory_34,MATHD_NumberTheory,Test,1.0,easy,8,8,1.0,7,8,0.875,6,8,0.75,7,8,0.875,5,8,0.625,2,8,0.25,4,8,0.5
mathd_numbertheory_341,MATHD_NumberTheory,Test,0.5,sweet,4,8,0.5,1,8,0.125,1,8,0.125,3,8,0.375,2,8,0.25,0,8,0.0,0,8,0.0
mathd_numbertheory_342,MATHD_NumberTheory,Test,1.0,easy,8,8,1.0,8,8,1.0,8,8,1.0,8,8,1.0,8,8,1.0,8,8,1.0,8,8,1.0
mathd_numbertheory_343,MATHD_NumberTheory,Test,1.0,easy,8,8,1.0,8,8,1.0,2,8,0.25,7,8,0.875,7,8,0.875,8,8,1.0,8,8,1.0
mathd_numbertheory_345,MATHD_NumberTheory,Test,1.0,easy,8,8,1.0,8,8,1.0,8,8,1.0,8,8,1.0,8,8,1.0,8,8,1.0,8,8,1.0
mathd_numbertheory_35,MATHD_NumberTheory,Valid,0.125,hard,1,8,0.125,1,8,0.125,1,8,0.125,0,8,0.0,0,8,0.0,1,8,0.125,0,8,0.0
mathd_numbertheory_353,MATHD_NumberTheory,Test,0.0,impossible,0,8,0.0,0,8,0.0,0,8,0.0,0,8,0.0,0,8,0.0,0,8,0.0,0,8,0.0
mathd_numbertheory_37,MATHD_NumberTheory,Valid,0.875,easy,7,8,0.875,8,8,1.0,8,8,1.0,8,8,1.0,8,8,1.0,8,8,1.0,5,8,0.625
mathd_numbertheory_370,MATHD_NumberTheory,Valid,1.0,easy,8,8,1.0,8,8,1.0,7,8,0.875,8,8,1.0,8,8,1.0,8,8,1.0,6,8,0.75
mathd_numbertheory_403,MATHD_NumberTheory,Valid,1.0,easy,8,8,1.0,3,8,0.375,1,8,0.125,0,8,0.0,2,8,0.25,7,8,0.875,3,8,0.375
mathd_numbertheory_405,MATHD_NumberTheory,Valid,0.0,impossible,0,8,0.0,4,8,0.5,2,8,0.25,5,8,0.625,1,8,0.125,4,8,0.5,1,8,0.125
mathd_numbertheory_412,MATHD_NumberTheory,Valid,1.0,easy,8,8,1.0,6,8,0.75,8,8,1.0,7,8,0.875,8,8,1.0,8,8,1.0,7,8,0.875
mathd_numbertheory_42,MATHD_NumberTheory,Valid,0.875,easy,7,8,0.875,6,8,0.75,4,8,0.5,5,8,0.625,6,8,0.75,8,8,1.0,8,8,1.0
mathd_numbertheory_427,MATHD_NumberTheory,Test,0.0,impossible,0,8,0.0,0,8,0.0,0,8,0.0,0,8,0.0,0,8,0.0,0,8,0.0,0,8,0.0
mathd_numbertheory_43,MATHD_NumberTheory,Valid,0.0,impossible,0,8,0.0,0,8,0.0,0,8,0.0,0,8,0.0,0,8,0.0,0,8,0.0,0,8,0.0
mathd_numbertheory_430,MATHD_NumberTheory,Test,0.875,easy,7,8,0.875,5,8,0.625,2,8,0.25,7,8,0.875,6,8,0.75,5,8,0.625,7,8,0.875
mathd_numbertheory_435,MATHD_NumberTheory,Test,0.5,sweet,4,8,0.5,8,8,1.0,6,8,0.75,8,8,1.0,8,8,1.0,8,8,1.0,6,8,0.75
mathd_numbertheory_447,MATHD_NumberTheory,Test,1.0,easy,8,8,1.0,8,8,1.0,8,8,1.0,8,8,1.0,7,8,0.875,7,8,0.875,8,8,1.0
mathd_numbertheory_45,MATHD_NumberTheory,Valid,1.0,easy,8,8,1.0,8,8,1.0,8,8,1.0,8,8,1.0,7,8,0.875,6,8,0.75,8,8,1.0
mathd_numbertheory_451,MATHD_NumberTheory,Test,0.0,impossible,0,8,0.0,0,8,0.0,0,8,0.0,0,8,0.0,0,8,0.0,0,8,0.0,0,8,0.0
mathd_numbertheory_457,MATHD_NumberTheory,Test,0.0,impossible,0,8,0.0,0,8,0.0,0,8,0.0,0,8,0.0,0,8,0.0,0,8,0.0,0,8,0.0
mathd_numbertheory_458,MATHD_NumberTheory,Valid,0.875,easy,7,8,0.875,8,8,1.0,8,8,1.0,8,8,1.0,2,8,0.25,5,8,0.625,2,8,0.25
mathd_numbertheory_461,MATHD_NumberTheory,Valid,1.0,easy,8,8,1.0,7,8,0.875,7,8,0.875,8,8,1.0,8,8,1.0,8,8,1.0,8,8,1.0
mathd_numbertheory_466,MATHD_NumberTheory,Valid,1.0,easy,8,8,1.0,8,8,1.0,6,8,0.75,8,8,1.0,8,8,1.0,6,8,0.75,8,8,1.0
mathd_numbertheory_48,MATHD_NumberTheory,Valid,0.125,hard,1,8,0.125,1,8,0.125,4,8,0.5,4,8,0.5,4,8,0.5,1,8,0.125,0,8,0.0
mathd_numbertheory_483,MATHD_NumberTheory,Test,0.375,sweet,3,8,0.375,4,8,0.5,0,8,0.0,0,8,0.0,2,8,0.25,0,8,0.0,2,8,0.25
mathd_numbertheory_495,MATHD_NumberTheory,Test,0.0,impossible,0,8,0.0,0,8,0.0,0,8,0.0,0,8,0.0,0,8,0.0,0,8,0.0,0,8,0.0
mathd_numbertheory_5,MATHD_NumberTheory,Test,0.125,hard,1,8,0.125,1,8,0.125,1,8,0.125,4,8,0.5,1,8,0.125,0,8,0.0,1,8,0.125
mathd_numbertheory_517,MATHD_NumberTheory,Test,1.0,easy,8,8,1.0,7,8,0.875,8,8,1.0,0,8,0.0,8,8,1.0,8,8,1.0,8,8,1.0
mathd_numbertheory_521,MATHD_NumberTheory,Test,0.0,impossible,0,8,0.0,2,8,0.25,0,8,0.0,1,8,0.125,0,8,0.0,2,8,0.25,0,8,0.0
mathd_numbertheory_530,MATHD_NumberTheory,Valid,0.0,impossible,0,8,0.0,0,8,0.0,0,8,0.0,0,8,0.0,0,8,0.0,0,8,0.0,0,8,0.0
mathd_numbertheory_541,MATHD_NumberTheory,Test,0.625,easy,5,8,0.625,7,8,0.875,4,8,0.5,0,8,0.0,5,8,0.625,4,8,0.5,5,8,0.625
mathd_numbertheory_543,MATHD_NumberTheory,Valid,0.0,impossible,0,8,0.0,0,8,0.0,0,8,0.0,0,8,0.0,0,8,0.0,0,8,0.0,0,8,0.0
mathd_numbertheory_551,MATHD_NumberTheory,Test,1.0,easy,8,8,1.0,8,8,1.0,8,8,1.0,8,8,1.0,8,8,1.0,8,8,1.0,8,8,1.0
mathd_numbertheory_552,MATHD_NumberTheory,Test,0.0,impossible,0,8,0.0,0,8,0.0,0,8,0.0,0,8,0.0,0,8,0.0,0,8,0.0,0,8,0.0
mathd_numbertheory_559,MATHD_NumberTheory,Test,1.0,easy,8,8,1.0,8,8,1.0,7,8,0.875,7,8,0.875,8,8,1.0,8,8,1.0,8,8,1.0
mathd_numbertheory_582,MATHD_NumberTheory,Test,0.75,easy,6,8,0.75,8,8,1.0,8,8,1.0,7,8,0.875,8,8,1.0,8,8,1.0,8,8,1.0
mathd_numbertheory_618,MATHD_NumberTheory,Test,0.0,impossible,0,8,0.0,0,8,0.0,0,8,0.0,0,8,0.0,0,8,0.0,0,8,0.0,0,8,0.0
mathd_numbertheory_629,MATHD_NumberTheory,Valid,0.75,easy,6,8,0.75,5,8,0.625,6,8,0.75,7,8,0.875,7,8,0.875,6,8,0.75,5,8,0.625
mathd_numbertheory_64,MATHD_NumberTheory,Valid,1.0,easy,8,8,1.0,8,8,1.0,8,8,1.0,8,8,1.0,5,8,0.625,5,8,0.625,8,8,1.0
mathd_numbertheory_640,MATHD_NumberTheory,Valid,0.75,easy,6,8,0.75,8,8,1.0,8,8,1.0,0,8,0.0,8,8,1.0,8,8,1.0,8,8,1.0
mathd_numbertheory_66,MATHD_NumberTheory,Test,1.0,easy,8,8,1.0,8,8,1.0,8,8,1.0,8,8,1.0,8,8,1.0,8,8,1.0,8,8,1.0
mathd_numbertheory_668,MATHD_NumberTheory,Valid,0.125,hard,1,8,0.125,5,8,0.625,2,8,0.25,4,8,0.5,2,8,0.25,2,8,0.25,1,8,0.125
mathd_numbertheory_690,MATHD_NumberTheory,Valid,0.5,sweet,4,8,0.5,7,8,0.875,7,8,0.875,3,8,0.375,4,8,0.5,8,8,1.0,6,8,0.75
mathd_numbertheory_709,MATHD_NumberTheory,Valid,0.0,impossible,0,8,0.0,0,8,0.0,0,8,0.0,0,8,0.0,0,8,0.0,0,8,0.0,0,8,0.0
mathd_numbertheory_711,MATHD_NumberTheory,Test,0.0,impossible,0,8,0.0,0,8,0.0,0,8,0.0,0,8,0.0,0,8,0.0,0,8,0.0,0,8,0.0
mathd_numbertheory_728,MATHD_NumberTheory,Test,1.0,easy,8,8,1.0,8,8,1.0,8,8,1.0,8,8,1.0,8,8,1.0,8,8,1.0,8,8,1.0
mathd_numbertheory_739,MATHD_NumberTheory,Valid,0.0,impossible,0,8,0.0,0,8,0.0,0,8,0.0,0,8,0.0,0,8,0.0,0,8,0.0,0,8,0.0
mathd_numbertheory_764,MATHD_NumberTheory,Test,0.0,impossible,0,8,0.0,0,8,0.0,0,8,0.0,0,8,0.0,0,8,0.0,0,8,0.0,0,8,0.0
mathd_numbertheory_765,MATHD_NumberTheory,Test,1.0,easy,8,8,1.0,6,8,0.75,8,8,1.0,7,8,0.875,8,8,1.0,8,8,1.0,7,8,0.875
mathd_numbertheory_769,MATHD_NumberTheory,Test,0.875,easy,7,8,0.875,7,8,0.875,8,8,1.0,8,8,1.0,7,8,0.875,8,8,1.0,7,8,0.875
mathd_numbertheory_780,MATHD_NumberTheory,Valid,0.625,easy,5,8,0.625,8,8,1.0,8,8,1.0,7,8,0.875,6,8,0.75,8,8,1.0,8,8,1.0
mathd_numbertheory_81,MATHD_NumberTheory,Valid,1.0,easy,8,8,1.0,8,8,1.0,8,8,1.0,8,8,1.0,8,8,1.0,8,8,1.0,8,8,1.0
mathd_numbertheory_84,MATHD_NumberTheory,Valid,0.875,easy,7,8,0.875,7,8,0.875,4,8,0.5,8,8,1.0,8,8,1.0,8,8,1.0,8,8,1.0
mathd_numbertheory_85,MATHD_NumberTheory,Test,1.0,easy,8,8,1.0,8,8,1.0,8,8,1.0,8,8,1.0,8,8,1.0,8,8,1.0,8,8,1.0
mathd_numbertheory_92,MATHD_NumberTheory,Valid,1.0,easy,8,8,1.0,8,8,1.0,8,8,1.0,8,8,1.0,8,8,1.0,8,8,1.0,8,8,1.0
mathd_numbertheory_961,MATHD_NumberTheory,Valid,0.875,easy,7,8,0.875,8,8,1.0,8,8,1.0,8,8,1.0,8,8,1.0,8,8,1.0,8,8,1.0
mathd_numbertheory_99,MATHD_NumberTheory,Test,1.0,easy,8,8,1.0,7,8,0.875,8,8,1.0,8,8,1.0,8,8,1.0,7,8,0.875,8,8,1.0
numbertheory_2dvd4expn,NumberTheory,Valid,0.875,easy,7,8,0.875,8,8,1.0,8,8,1.0,5,8,0.625,8,8,1.0,7,8,0.875,7,8,0.875
numbertheory_2pownm1prime_nprime,NumberTheory,Test,0.0,impossible,0,8,0.0,0,8,0.0,0,8,0.0,0,8,0.0,0,8,0.0,0,8,0.0,0,8,0.0
numbertheory_3pow2pownm1mod2pownp3eq2pownp2,NumberTheory,Test,0.0,impossible,0,8,0.0,0,8,0.0,0,8,0.0,0,8,0.0,0,8,0.0,0,8,0.0,0,8,0.0
numbertheory_4x3m7y3neq2003,NumberTheory,Test,1.0,easy,8,8,1.0,8,8,1.0,8,8,1.0,8,8,1.0,8,8,1.0,8,8,1.0,8,8,1.0
numbertheory_aneqprodakp4_anmsqrtanp1eq2,NumberTheory,Valid,0.0,impossible,0,8,0.0,0,8,0.0,0,8,0.0,0,8,0.0,0,8,0.0,0,8,0.0,0,8,0.0
numbertheory_aoddbdiv4asqpbsqmod8eq1,NumberTheory,Test,0.25,hard,2,8,0.25,4,8,0.5,7,8,0.875,2,8,0.25,2,8,0.25,6,8,0.75,8,8,1.0
numbertheory_exk2powkeqapb2mulbpa2_aeq1,NumberTheory,Test,0.0,impossible,0,8,0.0,0,8,0.0,0,8,0.0,0,8,0.0,0,8,0.0,0,8,0.0,0,8,0.0
numbertheory_fxeq4powxp6powxp9powx_f2powmdvdf2pown,NumberTheory,Test,0.0,impossible,0,8,0.0,0,8,0.0,0,8,0.0,0,8,0.0,0,8,0.0,0,8,0.0,0,8,0.0
numbertheory_nckeqnm1ckpnm1ckm1,NumberTheory,Valid,0.875,easy,7,8,0.875,4,8,0.5,8,8,1.0,4,8,0.5,8,8,1.0,8,8,1.0,8,8,1.0
numbertheory_notEquiv2i2jasqbsqdiv8,NumberTheory,Test,0.0,impossible,0,8,0.0,0,8,0.0,0,8,0.0,0,8,0.0,0,8,0.0,0,8,0.0,0,8,0.0
numbertheory_prmdvsneqnsqmodpeq0,NumberTheory,Valid,0.75,easy,6,8,0.75,5,8,0.625,1,8,0.125,0,8,0.0,0,8,0.0,1,8,0.125,0,8,0.0
numbertheory_sqmod3in01d,NumberTheory,Valid,1.0,easy,8,8,1.0,8,8,1.0,8,8,1.0,7,8,0.875,8,8,1.0,8,8,1.0,8,8,1.0
numbertheory_sqmod4in01d,NumberTheory,Valid,1.0,easy,8,8,1.0,8,8,1.0,8,8,1.0,8,8,1.0,8,8,1.0,8,8,1.0,8,8,1.0
numbertheory_sumkmulnckeqnmul2pownm1,NumberTheory,Valid,0.0,impossible,0,8,0.0,0,8,0.0,0,8,0.0,0,8,0.0,0,8,0.0,0,8,0.0,0,8,0.0
numbertheory_x5neqy2p4,NumberTheory,Test,1.0,easy,8,8,1.0,8,8,1.0,8,8,1.0,8,8,1.0,8,8,1.0,8,8,1.0,8,8,1.0
numbertheory_xsqpysqintdenomeq,NumberTheory,Valid,0.0,impossible,0,8,0.0,0,8,0.0,0,8,0.0,0,8,0.0,0,8,0.0,0,8,0.0,0,8,0.0
