task,category,split,A0_passed,A0_R1_passed,A1_passed,B1_passed,C1_passed,C11_passed,C2_passed,C21_passed,C22_passed,C23_passed,A1_B1_passed,A1_C11_passed,A1_C23_passed,A1_B1_R1_passed,A1_C11_R1_passed,A1_C23_R1_passed,A0_total,A0_R1_total,A1_total,B1_total,C1_total,C11_total,C2_total,C21_total,C22_total,C23_total,A1_B1_total,A1_C11_total,A1_C23_total,A1_B1_R1_total,A1_C11_R1_total,A1_C23_R1_total,A0_rate,A0_R1_rate,A1_rate,B1_rate,C1_rate,C11_rate,C2_rate,C21_rate,C22_rate,C23_rate,A1_B1_rate,A1_C11_rate,A1_C23_rate,A1_B1_R1_rate,A1_C11_R1_rate,A1_C23_R1_rate
aime_1983_p1,AIME,Test,0,0,0,0,0,0,0,0,0,0,0,0,0,0,0,0,8,8,8,8,8,8,8,8,8,8,8,8,8,8,8,8,0.0,0.0,0.0,0.0,0.0,0.0,0.0,0.0,0.0,0.0,0.0,0.0,0.0,0.0,0.0,0.0
aime_1983_p2,AIME,Test,7,8,7,7,8,7,7,6,6,8,8,6,6,7,8,8,8,8,8,8,8,8,8,8,8,8,8,8,8,8,8,8,0.875,1.0,0.875,0.875,1.0,0.875,0.875,0.75,0.75,1.0,1.0,0.75,0.75,0.875,1.0,1.0
aime_1983_p3,AIME,Test,0,0,0,0,0,0,0,0,0,0,0,0,0,0,0,0,8,8,8,8,8,8,8,8,8,8,8,8,8,8,8,8,0.0,0.0,0.0,0.0,0.0,0.0,0.0,0.0,0.0,0.0,0.0,0.0,0.0,0.0,0.0,0.0
aime_1984_p1,AIME,Test,1,4,3,2,3,8,1,8,8,8,5,7,5,2,5,5,8,8,8,8,8,8,8,8,8,8,8,8,8,8,8,8,0.125,0.5,0.375,0.25,0.375,1.0,0.125,1.0,1.0,1.0,0.625,0.875,0.625,0.25,0.625,0.625
aime_1984_p7,AIME,Test,0,0,0,0,0,0,0,0,0,0,0,0,0,0,0,0,8,8,8,8,8,8,8,8,8,8,8,8,8,8,8,8,0.0,0.0,0.0,0.0,0.0,0.0,0.0,0.0,0.0,0.0,0.0,0.0,0.0,0.0,0.0,0.0
aime_1987_p5,AIME,Test,3,4,3,3,4,1,1,1,3,1,2,2,2,2,3,1,8,8,8,8,8,8,8,8,8,8,8,8,8,8,8,8,0.375,0.5,0.375,0.375,0.5,0.125,0.125,0.125,0.375,0.125,0.25,0.25,0.25,0.25,0.375,0.125
aime_1988_p8,AIME,Test,0,0,0,0,0,0,0,0,0,0,0,0,0,0,0,0,8,8,8,8,8,8,8,8,8,8,8,8,8,8,8,8,0.0,0.0,0.0,0.0,0.0,0.0,0.0,0.0,0.0,0.0,0.0,0.0,0.0,0.0,0.0,0.0
aime_1989_p8,AIME,Test,8,8,8,8,8,8,8,8,8,8,8,7,8,8,8,8,8,8,8,8,8,8,8,8,8,8,8,8,8,8,8,8,1.0,1.0,1.0,1.0,1.0,1.0,1.0,1.0,1.0,1.0,1.0,0.875,1.0,1.0,1.0,1.0
aime_1990_p15,AIME,Test,8,7,7,7,8,8,8,8,8,8,8,8,8,6,8,8,8,8,8,8,8,8,8,8,8,8,8,8,8,8,8,8,1.0,0.875,0.875,0.875,1.0,1.0,1.0,1.0,1.0,1.0,1.0,1.0,1.0,0.75,1.0,1.0
aime_1990_p4,AIME,Test,0,0,0,0,0,0,0,0,0,0,0,0,0,0,0,0,8,8,8,8,8,8,8,8,8,8,8,8,8,8,8,8,0.0,0.0,0.0,0.0,0.0,0.0,0.0,0.0,0.0,0.0,0.0,0.0,0.0,0.0,0.0,0.0
aime_1991_p9,AIME,Test,0,0,0,0,0,0,0,0,0,0,0,0,0,0,0,0,8,8,8,8,8,8,8,8,8,8,8,8,8,8,8,8,0.0,0.0,0.0,0.0,0.0,0.0,0.0,0.0,0.0,0.0,0.0,0.0,0.0,0.0,0.0,0.0
aime_1994_p3,AIME,Test,0,0,0,0,0,0,0,0,0,0,0,0,0,0,0,0,8,8,8,8,8,8,8,8,8,8,8,8,8,8,8,8,0.0,0.0,0.0,0.0,0.0,0.0,0.0,0.0,0.0,0.0,0.0,0.0,0.0,0.0,0.0,0.0
aime_1995_p7,AIME,Test,0,0,0,0,0,0,0,0,0,0,0,0,0,0,0,0,8,8,8,8,8,8,8,8,8,8,8,8,8,8,8,8,0.0,0.0,0.0,0.0,0.0,0.0,0.0,0.0,0.0,0.0,0.0,0.0,0.0,0.0,0.0,0.0
aime_1997_p9,AIME,Test,0,0,0,0,0,0,0,0,0,0,0,0,0,0,0,0,8,8,8,8,8,8,8,8,8,8,8,8,8,8,8,8,0.0,0.0,0.0,0.0,0.0,0.0,0.0,0.0,0.0,0.0,0.0,0.0,0.0,0.0,0.0,0.0
aime_1999_p11,AIME,Test,0,0,0,0,0,0,0,0,0,0,0,0,0,0,0,0,8,8,8,8,8,8,8,8,8,8,8,8,8,8,8,8,0.0,0.0,0.0,0.0,0.0,0.0,0.0,0.0,0.0,0.0,0.0,0.0,0.0,0.0,0.0,0.0
algebra_2varlineareq_fp3zeq11_3tfm1m5zeqn68_feqn10_zeq7,Algebra,Test,0,2,0,0,0,0,0,0,0,0,0,2,1,1,1,0,8,8,8,8,8,8,8,8,8,8,8,8,8,8,8,8,0.0,0.25,0.0,0.0,0.0,0.0,0.0,0.0,0.0,0.0,0.0,0.25,0.125,0.125,0.125,0.0
algebra_9onxpypzleqsum2onxpy,Algebra,Test,0,0,0,0,0,0,0,0,0,0,0,0,0,0,0,0,8,8,8,8,8,8,8,8,8,8,8,8,8,8,8,8,0.0,0.0,0.0,0.0,0.0,0.0,0.0,0.0,0.0,0.0,0.0,0.0,0.0,0.0,0.0,0.0
algebra_abpbcpcageq3_sumaonsqrtapbgeq3onsqrt2,Algebra,Test,0,0,1,0,0,0,0,0,0,0,0,0,0,0,0,0,8,8,8,8,8,8,8,8,8,8,8,8,8,8,8,8,0.0,0.0,0.125,0.0,0.0,0.0,0.0,0.0,0.0,0.0,0.0,0.0,0.0,0.0,0.0,0.0
algebra_absapbon1pabsapbleqsumabsaon1pabsa,Algebra,Test,0,0,0,0,0,0,0,0,0,0,0,0,0,0,0,0,8,8,8,8,8,8,8,8,8,8,8,8,8,8,8,8,0.0,0.0,0.0,0.0,0.0,0.0,0.0,0.0,0.0,0.0,0.0,0.0,0.0,0.0,0.0,0.0
algebra_absxm1pabsxpabsxp1eqxp2_0leqxleq1,Algebra,Test,6,6,5,6,4,7,6,5,7,8,8,6,8,7,8,8,8,8,8,8,8,8,8,8,8,8,8,8,8,8,8,8,0.75,0.75,0.625,0.75,0.5,0.875,0.75,0.625,0.875,1.0,1.0,0.75,1.0,0.875,1.0,1.0
algebra_amgm_sum1toneqn_prod1tonleq1,Algebra,Test,0,0,0,0,0,0,0,0,0,0,0,0,0,0,0,0,8,8,8,8,8,8,8,8,8,8,8,8,8,8,8,8,0.0,0.0,0.0,0.0,0.0,0.0,0.0,0.0,0.0,0.0,0.0,0.0,0.0,0.0,0.0,0.0
algebra_amgm_sumasqdivbgeqsuma,Algebra,Test,0,0,0,0,0,0,1,1,0,0,0,0,0,1,0,0,8,8,8,8,8,8,8,8,8,8,8,8,8,8,8,8,0.0,0.0,0.0,0.0,0.0,0.0,0.125,0.125,0.0,0.0,0.0,0.0,0.0,0.125,0.0,0.0
algebra_apbmpcneq0_aeq0anbeq0anceq0,Algebra,Test,0,0,0,0,0,0,0,0,0,0,0,0,0,0,0,0,8,8,8,8,8,8,8,8,8,8,8,8,8,8,8,8,0.0,0.0,0.0,0.0,0.0,0.0,0.0,0.0,0.0,0.0,0.0,0.0,0.0,0.0,0.0,0.0
algebra_apbon2pownleqapownpbpowon2,Algebra,Test,0,0,0,0,0,0,1,0,0,0,0,0,0,0,0,0,8,8,8,8,8,8,8,8,8,8,8,8,8,8,8,8,0.0,0.0,0.0,0.0,0.0,0.0,0.125,0.0,0.0,0.0,0.0,0.0,0.0,0.0,0.0,0.0
algebra_apbpceq2_abpbcpcaeq1_aleq1on3anbleq1ancleq4on3,Algebra,Test,6,6,7,6,5,8,3,7,7,8,6,8,8,6,6,8,8,8,8,8,8,8,8,8,8,8,8,8,8,8,8,8,0.75,0.75,0.875,0.75,0.625,1.0,0.375,0.875,0.875,1.0,0.75,1.0,1.0,0.75,0.75,1.0
algebra_bleqa_apbon2msqrtableqambsqon8b,Algebra,Test,2,7,4,4,5,6,6,7,5,7,3,2,3,4,3,5,8,8,8,8,8,8,8,8,8,8,8,8,8,8,8,8,0.25,0.875,0.5,0.5,0.625,0.75,0.75,0.875,0.625,0.875,0.375,0.25,0.375,0.5,0.375,0.625
algebra_cubrtrp1oncubrtreq3_rcubp1onrcubeq5778,Algebra,Test,0,0,0,0,0,0,0,0,0,0,0,0,0,0,0,0,8,8,8,8,8,8,8,8,8,8,8,8,8,8,8,8,0.0,0.0,0.0,0.0,0.0,0.0,0.0,0.0,0.0,0.0,0.0,0.0,0.0,0.0,0.0,0.0
algebra_ineq_nto1onlt2m1on,Algebra,Test,0,0,0,0,0,0,0,0,0,0,0,0,0,0,0,0,8,8,8,8,8,8,8,8,8,8,8,8,8,8,8,8,0.0,0.0,0.0,0.0,0.0,0.0,0.0,0.0,0.0,0.0,0.0,0.0,0.0,0.0,0.0,0.0
algebra_others_exirrpowirrrat,Algebra,Test,0,0,0,0,0,0,0,0,0,0,0,0,0,0,0,0,8,8,8,8,8,8,8,8,8,8,8,8,8,8,8,8,0.0,0.0,0.0,0.0,0.0,0.0,0.0,0.0,0.0,0.0,0.0,0.0,0.0,0.0,0.0,0.0
algebra_sqineq_at2malt1,Algebra,Test,7,8,6,8,5,8,8,8,8,8,8,8,8,8,8,8,8,8,8,8,8,8,8,8,8,8,8,8,8,8,8,8,0.875,1.0,0.75,1.0,0.625,1.0,1.0,1.0,1.0,1.0,1.0,1.0,1.0,1.0,1.0,1.0
algebra_sqineq_unitcircatbpabsamblt1,Algebra,Test,2,8,6,8,8,8,8,8,8,8,8,8,8,8,8,8,8,8,8,8,8,8,8,8,8,8,8,8,8,8,8,8,0.25,1.0,0.75,1.0,1.0,1.0,1.0,1.0,1.0,1.0,1.0,1.0,1.0,1.0,1.0,1.0
algebra_sqineq_unitcircatbpamblt1,Algebra,Test,8,8,7,8,8,8,7,8,8,8,8,8,7,8,7,8,8,8,8,8,8,8,8,8,8,8,8,8,8,8,8,8,1.0,1.0,0.875,1.0,1.0,1.0,0.875,1.0,1.0,1.0,1.0,1.0,0.875,1.0,0.875,1.0
algebra_sum1onsqrt2to1onsqrt10000lt198,Algebra,Test,0,0,0,0,0,0,0,0,0,0,0,0,0,0,0,0,8,8,8,8,8,8,8,8,8,8,8,8,8,8,8,8,0.0,0.0,0.0,0.0,0.0,0.0,0.0,0.0,0.0,0.0,0.0,0.0,0.0,0.0,0.0,0.0
amc12_2000_p1,AMC,Test,0,0,0,0,0,0,0,0,0,0,0,0,0,0,0,0,8,8,8,8,8,8,8,8,8,8,8,8,8,8,8,8,0.0,0.0,0.0,0.0,0.0,0.0,0.0,0.0,0.0,0.0,0.0,0.0,0.0,0.0,0.0,0.0
amc12_2000_p12,AMC,Test,8,8,3,1,7,4,4,4,2,3,2,0,1,2,5,3,8,8,8,8,8,8,8,8,8,8,8,8,8,8,8,8,1.0,1.0,0.375,0.125,0.875,0.5,0.5,0.5,0.25,0.375,0.25,0.0,0.125,0.25,0.625,0.375
amc12_2000_p20,AMC,Test,7,7,7,2,4,8,5,5,6,3,3,8,7,5,8,6,8,8,8,8,8,8,8,8,8,8,8,8,8,8,8,8,0.875,0.875,0.875,0.25,0.5,1.0,0.625,0.625,0.75,0.375,0.375,1.0,0.875,0.625,1.0,0.75
amc12_2000_p6,AMC,Test,5,2,2,1,5,3,1,3,5,1,1,2,1,2,5,4,8,8,8,8,8,8,8,8,8,8,8,8,8,8,8,8,0.625,0.25,0.25,0.125,0.625,0.375,0.125,0.375,0.625,0.125,0.125,0.25,0.125,0.25,0.625,0.5
amc12_2001_p21,AMC,Test,0,0,0,0,0,0,0,0,0,0,0,0,0,0,0,0,8,8,8,8,8,8,8,8,8,8,8,8,8,8,8,8,0.0,0.0,0.0,0.0,0.0,0.0,0.0,0.0,0.0,0.0,0.0,0.0,0.0,0.0,0.0,0.0
amc12_2001_p5,AMC,Test,0,0,0,0,0,0,0,0,0,0,0,0,0,0,0,0,8,8,8,8,8,8,8,8,8,8,8,8,8,8,8,8,0.0,0.0,0.0,0.0,0.0,0.0,0.0,0.0,0.0,0.0,0.0,0.0,0.0,0.0,0.0,0.0
amc12a_2002_p13,AMC,Test,0,0,0,0,0,0,0,0,0,0,0,0,0,0,0,0,8,8,8,8,8,8,8,8,8,8,8,8,8,8,8,8,0.0,0.0,0.0,0.0,0.0,0.0,0.0,0.0,0.0,0.0,0.0,0.0,0.0,0.0,0.0,0.0
amc12a_2002_p6,AMC,Test,8,8,7,8,8,8,8,8,8,8,7,8,8,8,8,8,8,8,8,8,8,8,8,8,8,8,8,8,8,8,8,8,1.0,1.0,0.875,1.0,1.0,1.0,1.0,1.0,1.0,1.0,0.875,1.0,1.0,1.0,1.0,1.0
amc12a_2003_p23,AMC,Test,0,0,0,0,0,0,0,0,0,0,0,0,0,0,0,0,8,8,8,8,8,8,8,8,8,8,8,8,8,8,8,8,0.0,0.0,0.0,0.0,0.0,0.0,0.0,0.0,0.0,0.0,0.0,0.0,0.0,0.0,0.0,0.0
amc12a_2003_p5,AMC,Test,4,5,6,8,3,8,7,7,5,5,5,5,7,8,7,6,8,8,8,8,8,8,8,8,8,8,8,8,8,8,8,8,0.5,0.625,0.75,1.0,0.375,1.0,0.875,0.875,0.625,0.625,0.625,0.625,0.875,1.0,0.875,0.75
amc12a_2008_p25,AMC,Test,0,0,0,0,0,0,0,0,0,0,0,0,0,0,0,0,8,8,8,8,8,8,8,8,8,8,8,8,8,8,8,8,0.0,0.0,0.0,0.0,0.0,0.0,0.0,0.0,0.0,0.0,0.0,0.0,0.0,0.0,0.0,0.0
amc12a_2009_p6,AMC,Test,0,0,0,0,0,0,0,0,0,0,0,0,0,0,0,0,8,8,8,8,8,8,8,8,8,8,8,8,8,8,8,8,0.0,0.0,0.0,0.0,0.0,0.0,0.0,0.0,0.0,0.0,0.0,0.0,0.0,0.0,0.0,0.0
amc12a_2009_p7,AMC,Test,0,0,0,0,0,0,0,0,0,0,0,0,0,0,0,0,8,8,8,8,8,8,8,8,8,8,8,8,8,8,8,8,0.0,0.0,0.0,0.0,0.0,0.0,0.0,0.0,0.0,0.0,0.0,0.0,0.0,0.0,0.0,0.0
amc12a_2013_p4,AMC,Test,4,6,4,7,7,7,5,7,8,6,4,4,5,5,3,2,8,8,8,8,8,8,8,8,8,8,8,8,8,8,8,8,0.5,0.75,0.5,0.875,0.875,0.875,0.625,0.875,1.0,0.75,0.5,0.5,0.625,0.625,0.375,0.25
amc12a_2019_p12,AMC,Test,0,0,0,0,0,0,0,0,0,0,0,0,0,0,0,0,8,8,8,8,8,8,8,8,8,8,8,8,8,8,8,8,0.0,0.0,0.0,0.0,0.0,0.0,0.0,0.0,0.0,0.0,0.0,0.0,0.0,0.0,0.0,0.0
amc12a_2020_p10,AMC,Test,0,0,0,0,0,0,0,0,0,0,0,0,0,0,0,0,8,8,8,8,8,8,8,8,8,8,8,8,8,8,8,8,0.0,0.0,0.0,0.0,0.0,0.0,0.0,0.0,0.0,0.0,0.0,0.0,0.0,0.0,0.0,0.0
amc12a_2020_p15,AMC,Test,0,0,0,0,0,0,0,0,0,0,0,0,0,0,0,0,8,8,8,8,8,8,8,8,8,8,8,8,8,8,8,8,0.0,0.0,0.0,0.0,0.0,0.0,0.0,0.0,0.0,0.0,0.0,0.0,0.0,0.0,0.0,0.0
amc12a_2020_p25,AMC,Test,0,0,0,0,0,0,0,0,0,0,0,0,0,0,0,0,8,8,8,8,8,8,8,8,8,8,8,8,8,8,8,8,0.0,0.0,0.0,0.0,0.0,0.0,0.0,0.0,0.0,0.0,0.0,0.0,0.0,0.0,0.0,0.0
amc12a_2020_p4,AMC,Test,0,0,0,0,0,0,0,0,0,0,0,0,0,0,0,0,8,8,8,8,8,8,8,8,8,8,8,8,8,8,8,8,0.0,0.0,0.0,0.0,0.0,0.0,0.0,0.0,0.0,0.0,0.0,0.0,0.0,0.0,0.0,0.0
amc12a_2020_p7,AMC,Test,8,7,5,1,6,0,4,0,0,0,3,0,0,4,2,1,8,8,8,8,8,8,8,8,8,8,8,8,8,8,8,8,1.0,0.875,0.625,0.125,0.75,0.0,0.5,0.0,0.0,0.0,0.375,0.0,0.0,0.5,0.25,0.125
amc12a_2020_p9,AMC,Test,0,0,0,0,0,0,0,0,0,0,0,0,0,0,0,0,8,8,8,8,8,8,8,8,8,8,8,8,8,8,8,8,0.0,0.0,0.0,0.0,0.0,0.0,0.0,0.0,0.0,0.0,0.0,0.0,0.0,0.0,0.0,0.0
amc12a_2021_p12,AMC,Test,0,0,0,0,0,0,0,0,0,0,0,0,0,0,0,0,8,8,8,8,8,8,8,8,8,8,8,8,8,8,8,8,0.0,0.0,0.0,0.0,0.0,0.0,0.0,0.0,0.0,0.0,0.0,0.0,0.0,0.0,0.0,0.0
amc12a_2021_p14,AMC,Test,0,1,1,1,0,4,4,6,0,1,1,0,2,1,0,1,8,8,8,8,8,8,8,8,8,8,8,8,8,8,8,8,0.0,0.125,0.125,0.125,0.0,0.5,0.5,0.75,0.0,0.125,0.125,0.0,0.25,0.125,0.0,0.125
amc12a_2021_p18,AMC,Test,5,6,5,4,2,6,2,4,2,2,1,3,3,4,2,3,8,8,8,8,8,8,8,8,8,8,8,8,8,8,8,8,0.625,0.75,0.625,0.5,0.25,0.75,0.25,0.5,0.25,0.25,0.125,0.375,0.375,0.5,0.25,0.375
amc12a_2021_p19,AMC,Test,0,0,0,0,0,0,0,0,0,0,0,0,0,0,0,0,8,8,8,8,8,8,8,8,8,8,8,8,8,8,8,8,0.0,0.0,0.0,0.0,0.0,0.0,0.0,0.0,0.0,0.0,0.0,0.0,0.0,0.0,0.0,0.0
amc12a_2021_p22,AMC,Test,0,0,0,0,0,0,0,0,0,0,0,0,0,0,0,0,8,8,8,8,8,8,8,8,8,8,8,8,8,8,8,8,0.0,0.0,0.0,0.0,0.0,0.0,0.0,0.0,0.0,0.0,0.0,0.0,0.0,0.0,0.0,0.0
amc12a_2021_p25,AMC,Test,0,0,0,0,0,0,0,0,0,0,0,0,0,0,0,0,8,8,8,8,8,8,8,8,8,8,8,8,8,8,8,8,0.0,0.0,0.0,0.0,0.0,0.0,0.0,0.0,0.0,0.0,0.0,0.0,0.0,0.0,0.0,0.0
amc12a_2021_p3,AMC,Test,2,3,3,1,1,5,3,7,5,2,4,0,3,8,2,2,8,8,8,8,8,8,8,8,8,8,8,8,8,8,8,8,0.25,0.375,0.375,0.125,0.125,0.625,0.375,0.875,0.625,0.25,0.5,0.0,0.375,1.0,0.25,0.25
amc12a_2021_p8,AMC,Test,0,0,0,0,0,0,0,0,0,0,0,0,0,0,0,0,8,8,8,8,8,8,8,8,8,8,8,8,8,8,8,8,0.0,0.0,0.0,0.0,0.0,0.0,0.0,0.0,0.0,0.0,0.0,0.0,0.0,0.0,0.0,0.0
amc12a_2021_p9,AMC,Test,8,8,7,8,8,8,8,8,8,8,8,8,8,8,8,8,8,8,8,8,8,8,8,8,8,8,8,8,8,8,8,8,1.0,1.0,0.875,1.0,1.0,1.0,1.0,1.0,1.0,1.0,1.0,1.0,1.0,1.0,1.0,1.0
amc12b_2002_p19,AMC,Test,2,5,6,7,6,8,7,7,7,8,7,1,5,6,4,5,8,8,8,8,8,8,8,8,8,8,8,8,8,8,8,8,0.25,0.625,0.75,0.875,0.75,1.0,0.875,0.875,0.875,1.0,0.875,0.125,0.625,0.75,0.5,0.625
amc12b_2002_p2,AMC,Test,8,8,8,8,8,8,8,8,8,8,8,8,8,8,8,7,8,8,8,8,8,8,8,8,8,8,8,8,8,8,8,8,1.0,1.0,1.0,1.0,1.0,1.0,1.0,1.0,1.0,1.0,1.0,1.0,1.0,1.0,1.0,0.875
amc12b_2002_p4,AMC,Test,0,0,0,0,0,0,0,0,0,0,0,0,0,0,0,0,8,8,8,8,8,8,8,8,8,8,8,8,8,8,8,8,0.0,0.0,0.0,0.0,0.0,0.0,0.0,0.0,0.0,0.0,0.0,0.0,0.0,0.0,0.0,0.0
amc12b_2002_p7,AMC,Test,1,2,2,2,1,1,1,2,0,1,1,2,0,2,0,0,8,8,8,8,8,8,8,8,8,8,8,8,8,8,8,8,0.125,0.25,0.25,0.25,0.125,0.125,0.125,0.25,0.0,0.125,0.125,0.25,0.0,0.25,0.0,0.0
amc12b_2020_p13,AMC,Test,0,0,0,0,0,0,0,0,0,0,0,0,0,0,0,0,8,8,8,8,8,8,8,8,8,8,8,8,8,8,8,8,0.0,0.0,0.0,0.0,0.0,0.0,0.0,0.0,0.0,0.0,0.0,0.0,0.0,0.0,0.0,0.0
amc12b_2020_p2,AMC,Test,7,8,7,8,8,8,8,8,8,8,8,8,8,8,8,6,8,8,8,8,8,8,8,8,8,8,8,8,8,8,8,8,0.875,1.0,0.875,1.0,1.0,1.0,1.0,1.0,1.0,1.0,1.0,1.0,1.0,1.0,1.0,0.75
amc12b_2020_p21,AMC,Test,0,0,0,0,0,0,0,0,0,0,0,0,0,0,0,0,8,8,8,8,8,8,8,8,8,8,8,8,8,8,8,8,0.0,0.0,0.0,0.0,0.0,0.0,0.0,0.0,0.0,0.0,0.0,0.0,0.0,0.0,0.0,0.0
amc12b_2020_p22,AMC,Test,0,0,0,0,0,0,0,1,0,0,0,0,0,1,0,0,8,8,8,8,8,8,8,8,8,8,8,8,8,8,8,8,0.0,0.0,0.0,0.0,0.0,0.0,0.0,0.125,0.0,0.0,0.0,0.0,0.0,0.125,0.0,0.0
amc12b_2020_p6,AMC,Test,0,0,0,0,0,0,0,0,0,0,0,0,0,0,0,0,8,8,8,8,8,8,8,8,8,8,8,8,8,8,8,8,0.0,0.0,0.0,0.0,0.0,0.0,0.0,0.0,0.0,0.0,0.0,0.0,0.0,0.0,0.0,0.0
amc12b_2021_p1,AMC,Test,0,0,0,0,0,0,0,0,0,0,0,0,0,0,0,0,8,8,8,8,8,8,8,8,8,8,8,8,8,8,8,8,0.0,0.0,0.0,0.0,0.0,0.0,0.0,0.0,0.0,0.0,0.0,0.0,0.0,0.0,0.0,0.0
amc12b_2021_p13,AMC,Test,0,0,0,0,0,0,0,0,0,0,0,0,0,0,0,0,8,8,8,8,8,8,8,8,8,8,8,8,8,8,8,8,0.0,0.0,0.0,0.0,0.0,0.0,0.0,0.0,0.0,0.0,0.0,0.0,0.0,0.0,0.0,0.0
amc12b_2021_p18,AMC,Test,0,0,0,0,0,0,0,0,0,0,0,0,0,0,0,0,8,8,8,8,8,8,8,8,8,8,8,8,8,8,8,8,0.0,0.0,0.0,0.0,0.0,0.0,0.0,0.0,0.0,0.0,0.0,0.0,0.0,0.0,0.0,0.0
amc12b_2021_p3,AMC,Test,0,0,0,0,0,0,0,0,0,0,0,0,0,0,0,0,8,8,8,8,8,8,8,8,8,8,8,8,8,8,8,8,0.0,0.0,0.0,0.0,0.0,0.0,0.0,0.0,0.0,0.0,0.0,0.0,0.0,0.0,0.0,0.0
amc12b_2021_p4,AMC,Test,7,8,4,2,4,1,3,6,3,3,6,2,0,3,2,4,8,8,8,8,8,8,8,8,8,8,8,8,8,8,8,8,0.875,1.0,0.5,0.25,0.5,0.125,0.375,0.75,0.375,0.375,0.75,0.25,0.0,0.375,0.25,0.5
amc12b_2021_p9,AMC,Test,0,2,1,0,1,1,1,0,3,7,2,2,5,0,1,4,8,8,8,8,8,8,8,8,8,8,8,8,8,8,8,8,0.0,0.25,0.125,0.0,0.125,0.125,0.125,0.0,0.375,0.875,0.25,0.25,0.625,0.0,0.125,0.5
imo_1959_p1,IMO,Test,8,7,7,7,5,7,8,7,8,4,6,7,6,7,7,6,8,8,8,8,8,8,8,8,8,8,8,8,8,8,8,8,1.0,0.875,0.875,0.875,0.625,0.875,1.0,0.875,1.0,0.5,0.75,0.875,0.75,0.875,0.875,0.75
imo_1960_p2,IMO,Test,0,0,0,1,0,0,1,0,0,0,0,0,0,0,0,0,8,8,8,8,8,8,8,8,8,8,8,8,8,8,8,8,0.0,0.0,0.0,0.125,0.0,0.0,0.125,0.0,0.0,0.0,0.0,0.0,0.0,0.0,0.0,0.0
imo_1962_p2,IMO,Test,0,0,2,0,1,0,0,0,1,0,1,0,1,0,4,1,8,8,8,8,8,8,8,8,8,8,8,8,8,8,8,8,0.0,0.0,0.25,0.0,0.125,0.0,0.0,0.0,0.125,0.0,0.125,0.0,0.125,0.0,0.5,0.125
imo_1963_p5,IMO,Test,0,0,0,0,0,0,0,0,0,0,0,0,0,0,0,0,8,8,8,8,8,8,8,8,8,8,8,8,8,8,8,8,0.0,0.0,0.0,0.0,0.0,0.0,0.0,0.0,0.0,0.0,0.0,0.0,0.0,0.0,0.0,0.0
imo_1964_p2,IMO,Test,8,8,7,5,7,8,3,8,6,4,6,6,6,7,8,8,8,8,8,8,8,8,8,8,8,8,8,8,8,8,8,8,1.0,1.0,0.875,0.625,0.875,1.0,0.375,1.0,0.75,0.5,0.75,0.75,0.75,0.875,1.0,1.0
imo_1965_p2,IMO,Test,0,0,0,0,0,0,0,0,0,0,0,0,0,0,0,0,8,8,8,8,8,8,8,8,8,8,8,8,8,8,8,8,0.0,0.0,0.0,0.0,0.0,0.0,0.0,0.0,0.0,0.0,0.0,0.0,0.0,0.0,0.0,0.0
imo_1968_p5_1,IMO,Test,0,0,0,0,0,0,0,0,0,0,0,0,0,0,0,0,8,8,8,8,8,8,8,8,8,8,8,8,8,8,8,8,0.0,0.0,0.0,0.0,0.0,0.0,0.0,0.0,0.0,0.0,0.0,0.0,0.0,0.0,0.0,0.0
imo_1969_p2,IMO,Test,0,1,0,0,0,0,0,0,0,0,0,0,0,0,0,0,8,8,8,8,8,8,8,8,8,8,8,8,8,8,8,8,0.0,0.125,0.0,0.0,0.0,0.0,0.0,0.0,0.0,0.0,0.0,0.0,0.0,0.0,0.0,0.0
imo_1974_p3,IMO,Test,0,0,0,0,0,0,0,0,0,0,0,0,0,0,0,0,8,8,8,8,8,8,8,8,8,8,8,8,8,8,8,8,0.0,0.0,0.0,0.0,0.0,0.0,0.0,0.0,0.0,0.0,0.0,0.0,0.0,0.0,0.0,0.0
imo_1977_p6,IMO,Test,0,0,0,0,0,0,0,0,0,0,0,0,0,0,0,0,8,8,8,8,8,8,8,8,8,8,8,8,8,8,8,8,0.0,0.0,0.0,0.0,0.0,0.0,0.0,0.0,0.0,0.0,0.0,0.0,0.0,0.0,0.0,0.0
imo_1981_p6,IMO,Test,0,0,0,0,0,0,0,0,0,0,0,0,0,0,0,0,8,8,8,8,8,8,8,8,8,8,8,8,8,8,8,8,0.0,0.0,0.0,0.0,0.0,0.0,0.0,0.0,0.0,0.0,0.0,0.0,0.0,0.0,0.0,0.0
imo_1982_p1,IMO,Test,0,0,0,0,0,0,0,0,0,0,0,0,0,0,0,0,8,8,8,8,8,8,8,8,8,8,8,8,8,8,8,8,0.0,0.0,0.0,0.0,0.0,0.0,0.0,0.0,0.0,0.0,0.0,0.0,0.0,0.0,0.0,0.0
imo_1983_p6,IMO,Test,8,8,8,7,8,7,8,7,8,8,7,8,7,8,8,7,8,8,8,8,8,8,8,8,8,8,8,8,8,8,8,8,1.0,1.0,1.0,0.875,1.0,0.875,1.0,0.875,1.0,1.0,0.875,1.0,0.875,1.0,1.0,0.875
imo_1984_p6,IMO,Test,0,0,0,0,0,0,0,0,0,0,0,0,0,0,0,0,8,8,8,8,8,8,8,8,8,8,8,8,8,8,8,8,0.0,0.0,0.0,0.0,0.0,0.0,0.0,0.0,0.0,0.0,0.0,0.0,0.0,0.0,0.0,0.0
imo_1985_p6,IMO,Test,0,0,0,0,0,0,0,0,0,0,0,0,0,0,0,0,8,8,8,8,8,8,8,8,8,8,8,8,8,8,8,8,0.0,0.0,0.0,0.0,0.0,0.0,0.0,0.0,0.0,0.0,0.0,0.0,0.0,0.0,0.0,0.0
imo_1992_p1,IMO,Test,0,0,0,0,0,0,0,0,0,0,0,0,0,0,0,0,8,8,8,8,8,8,8,8,8,8,8,8,8,8,8,8,0.0,0.0,0.0,0.0,0.0,0.0,0.0,0.0,0.0,0.0,0.0,0.0,0.0,0.0,0.0,0.0
imo_1997_p5,IMO,Test,0,0,0,0,0,0,0,0,0,0,0,0,0,0,0,0,8,8,8,8,8,8,8,8,8,8,8,8,8,8,8,8,0.0,0.0,0.0,0.0,0.0,0.0,0.0,0.0,0.0,0.0,0.0,0.0,0.0,0.0,0.0,0.0
imo_2001_p6,IMO,Test,0,0,0,0,0,0,0,0,0,0,0,0,0,0,0,0,8,8,8,8,8,8,8,8,8,8,8,8,8,8,8,8,0.0,0.0,0.0,0.0,0.0,0.0,0.0,0.0,0.0,0.0,0.0,0.0,0.0,0.0,0.0,0.0
imo_2019_p1,IMO,Test,0,0,0,0,0,0,0,0,0,0,0,0,0,0,0,0,8,8,8,8,8,8,8,8,8,8,8,8,8,8,8,8,0.0,0.0,0.0,0.0,0.0,0.0,0.0,0.0,0.0,0.0,0.0,0.0,0.0,0.0,0.0,0.0
imosl_2007_algebra_p6,IMO,Test,0,0,0,0,0,0,0,0,0,0,0,0,0,0,0,0,8,8,8,8,8,8,8,8,8,8,8,8,8,8,8,8,0.0,0.0,0.0,0.0,0.0,0.0,0.0,0.0,0.0,0.0,0.0,0.0,0.0,0.0,0.0,0.0
induction_11div10tonmn1ton,Induction,Test,6,8,6,8,8,8,8,8,7,7,4,7,3,5,6,4,8,8,8,8,8,8,8,8,8,8,8,8,8,8,8,8,0.75,1.0,0.75,1.0,1.0,1.0,1.0,1.0,0.875,0.875,0.5,0.875,0.375,0.625,0.75,0.5
induction_12dvd4expnp1p20,Induction,Test,0,2,2,0,2,1,2,2,1,2,1,1,2,3,1,2,8,8,8,8,8,8,8,8,8,8,8,8,8,8,8,8,0.0,0.25,0.25,0.0,0.25,0.125,0.25,0.25,0.125,0.25,0.125,0.125,0.25,0.375,0.125,0.25
induction_1pxpownlt1pnx,Induction,Test,2,3,2,7,3,3,3,4,3,4,4,2,3,5,5,3,8,8,8,8,8,8,8,8,8,8,8,8,8,8,8,8,0.25,0.375,0.25,0.875,0.375,0.375,0.375,0.5,0.375,0.5,0.5,0.25,0.375,0.625,0.625,0.375
induction_nfactltnexpnm1ngt3,Induction,Test,0,0,0,0,0,0,0,0,0,0,0,0,0,0,0,0,8,8,8,8,8,8,8,8,8,8,8,8,8,8,8,8,0.0,0.0,0.0,0.0,0.0,0.0,0.0,0.0,0.0,0.0,0.0,0.0,0.0,0.0,0.0,0.0
induction_pord1p1on2powklt5on2,Induction,Test,0,0,0,0,0,0,0,0,0,0,0,0,0,0,0,0,8,8,8,8,8,8,8,8,8,8,8,8,8,8,8,8,0.0,0.0,0.0,0.0,0.0,0.0,0.0,0.0,0.0,0.0,0.0,0.0,0.0,0.0,0.0,0.0
induction_pprime_pdvdapowpma,Induction,Test,0,1,0,0,0,0,0,0,0,0,0,0,0,1,1,1,8,8,8,8,8,8,8,8,8,8,8,8,8,8,8,8,0.0,0.125,0.0,0.0,0.0,0.0,0.0,0.0,0.0,0.0,0.0,0.0,0.0,0.125,0.125,0.125
induction_prod1p1onk3le3m1onn,Induction,Test,0,1,5,2,0,5,3,5,6,1,6,4,6,7,5,7,8,8,8,8,8,8,8,8,8,8,8,8,8,8,8,8,0.0,0.125,0.625,0.25,0.0,0.625,0.375,0.625,0.75,0.125,0.75,0.5,0.75,0.875,0.625,0.875
induction_sumkexp3eqsumksq,Induction,Test,0,0,0,0,0,0,0,0,0,0,0,0,0,0,0,0,8,8,8,8,8,8,8,8,8,8,8,8,8,8,8,8,0.0,0.0,0.0,0.0,0.0,0.0,0.0,0.0,0.0,0.0,0.0,0.0,0.0,0.0,0.0,0.0
mathd_algebra_107,MATHD_Algebra,Test,8,8,8,8,8,8,8,8,8,8,8,8,8,8,8,8,8,8,8,8,8,8,8,8,8,8,8,8,8,8,8,8,1.0,1.0,1.0,1.0,1.0,1.0,1.0,1.0,1.0,1.0,1.0,1.0,1.0,1.0,1.0,1.0
mathd_algebra_113,MATHD_Algebra,Test,8,8,8,8,8,8,8,8,8,8,8,8,8,8,8,8,8,8,8,8,8,8,8,8,8,8,8,8,8,8,8,8,1.0,1.0,1.0,1.0,1.0,1.0,1.0,1.0,1.0,1.0,1.0,1.0,1.0,1.0,1.0,1.0
mathd_algebra_114,MATHD_Algebra,Test,0,0,2,3,1,7,3,7,8,8,1,2,2,2,5,2,8,8,8,8,8,8,8,8,8,8,8,8,8,8,8,8,0.0,0.0,0.25,0.375,0.125,0.875,0.375,0.875,1.0,1.0,0.125,0.25,0.25,0.25,0.625,0.25
mathd_algebra_125,MATHD_Algebra,Test,8,8,7,7,8,8,7,7,8,8,8,8,6,8,6,6,8,8,8,8,8,8,8,8,8,8,8,8,8,8,8,8,1.0,1.0,0.875,0.875,1.0,1.0,0.875,0.875,1.0,1.0,1.0,1.0,0.75,1.0,0.75,0.75
mathd_algebra_129,MATHD_Algebra,Test,8,8,5,7,7,7,8,8,7,8,8,6,7,5,7,6,8,8,8,8,8,8,8,8,8,8,8,8,8,8,8,8,1.0,1.0,0.625,0.875,0.875,0.875,1.0,1.0,0.875,1.0,1.0,0.75,0.875,0.625,0.875,0.75
mathd_algebra_137,MATHD_Algebra,Test,8,8,8,8,8,8,8,8,8,8,8,8,5,8,8,8,8,8,8,8,8,8,8,8,8,8,8,8,8,8,8,8,1.0,1.0,1.0,1.0,1.0,1.0,1.0,1.0,1.0,1.0,1.0,1.0,0.625,1.0,1.0,1.0
mathd_algebra_139,MATHD_Algebra,Test,7,8,8,7,8,7,5,8,8,6,8,8,6,8,8,8,8,8,8,8,8,8,8,8,8,8,8,8,8,8,8,8,0.875,1.0,1.0,0.875,1.0,0.875,0.625,1.0,1.0,0.75,1.0,1.0,0.75,1.0,1.0,1.0
mathd_algebra_141,MATHD_Algebra,Test,8,8,8,8,7,8,8,8,8,7,8,8,8,8,8,8,8,8,8,8,8,8,8,8,8,8,8,8,8,8,8,8,1.0,1.0,1.0,1.0,0.875,1.0,1.0,1.0,1.0,0.875,1.0,1.0,1.0,1.0,1.0,1.0
mathd_algebra_142,MATHD_Algebra,Test,8,8,8,7,7,8,7,8,8,8,7,8,8,8,7,8,8,8,8,8,8,8,8,8,8,8,8,8,8,8,8,8,1.0,1.0,1.0,0.875,0.875,1.0,0.875,1.0,1.0,1.0,0.875,1.0,1.0,1.0,0.875,1.0
mathd_algebra_143,MATHD_Algebra,Test,8,8,8,8,8,8,8,7,8,8,7,7,6,8,8,7,8,8,8,8,8,8,8,8,8,8,8,8,8,8,8,8,1.0,1.0,1.0,1.0,1.0,1.0,1.0,0.875,1.0,1.0,0.875,0.875,0.75,1.0,1.0,0.875
mathd_algebra_148,MATHD_Algebra,Test,8,8,8,8,7,8,7,7,7,8,7,7,8,7,8,8,8,8,8,8,8,8,8,8,8,8,8,8,8,8,8,8,1.0,1.0,1.0,1.0,0.875,1.0,0.875,0.875,0.875,1.0,0.875,0.875,1.0,0.875,1.0,1.0
mathd_algebra_153,MATHD_Algebra,Test,8,8,7,6,8,4,7,7,7,6,8,8,8,8,8,8,8,8,8,8,8,8,8,8,8,8,8,8,8,8,8,8,1.0,1.0,0.875,0.75,1.0,0.5,0.875,0.875,0.875,0.75,1.0,1.0,1.0,1.0,1.0,1.0
mathd_algebra_156,MATHD_Algebra,Test,4,8,4,7,6,7,4,7,7,8,4,5,7,7,6,8,8,8,8,8,8,8,8,8,8,8,8,8,8,8,8,8,0.5,1.0,0.5,0.875,0.75,0.875,0.5,0.875,0.875,1.0,0.5,0.625,0.875,0.875,0.75,1.0
mathd_algebra_158,MATHD_Algebra,Test,0,0,1,2,0,2,5,0,1,6,4,2,4,3,3,5,8,8,8,8,8,8,8,8,8,8,8,8,8,8,8,8,0.0,0.0,0.125,0.25,0.0,0.25,0.625,0.0,0.125,0.75,0.5,0.25,0.5,0.375,0.375,0.625
mathd_algebra_160,MATHD_Algebra,Test,8,8,6,8,7,8,8,8,8,8,7,8,8,8,8,8,8,8,8,8,8,8,8,8,8,8,8,8,8,8,8,8,1.0,1.0,0.75,1.0,0.875,1.0,1.0,1.0,1.0,1.0,0.875,1.0,1.0,1.0,1.0,1.0
mathd_algebra_17,MATHD_Algebra,Test,0,0,0,0,0,0,0,0,0,0,0,0,0,0,0,0,8,8,8,8,8,8,8,8,8,8,8,8,8,8,8,8,0.0,0.0,0.0,0.0,0.0,0.0,0.0,0.0,0.0,0.0,0.0,0.0,0.0,0.0,0.0,0.0
mathd_algebra_170,MATHD_Algebra,Test,2,0,0,2,0,0,1,1,0,1,2,1,0,4,2,1,8,8,8,8,8,8,8,8,8,8,8,8,8,8,8,8,0.25,0.0,0.0,0.25,0.0,0.0,0.125,0.125,0.0,0.125,0.25,0.125,0.0,0.5,0.25,0.125
mathd_algebra_171,MATHD_Algebra,Test,8,8,8,8,8,7,8,8,8,8,8,7,7,8,8,8,8,8,8,8,8,8,8,8,8,8,8,8,8,8,8,8,1.0,1.0,1.0,1.0,1.0,0.875,1.0,1.0,1.0,1.0,1.0,0.875,0.875,1.0,1.0,1.0
mathd_algebra_176,MATHD_Algebra,Test,6,8,4,7,5,8,5,7,6,6,7,7,7,8,8,7,8,8,8,8,8,8,8,8,8,8,8,8,8,8,8,8,0.75,1.0,0.5,0.875,0.625,1.0,0.625,0.875,0.75,0.75,0.875,0.875,0.875,1.0,1.0,0.875
mathd_algebra_184,MATHD_Algebra,Test,0,0,0,0,0,0,0,0,0,0,0,0,0,0,0,0,8,8,8,8,8,8,8,8,8,8,8,8,8,8,8,8,0.0,0.0,0.0,0.0,0.0,0.0,0.0,0.0,0.0,0.0,0.0,0.0,0.0,0.0,0.0,0.0
mathd_algebra_188,MATHD_Algebra,Test,8,8,7,8,8,8,8,7,8,8,7,8,8,8,8,7,8,8,8,8,8,8,8,8,8,8,8,8,8,8,8,8,1.0,1.0,0.875,1.0,1.0,1.0,1.0,0.875,1.0,1.0,0.875,1.0,1.0,1.0,1.0,0.875
mathd_algebra_196,MATHD_Algebra,Test,5,7,2,4,5,7,5,8,2,7,4,4,3,4,5,4,8,8,8,8,8,8,8,8,8,8,8,8,8,8,8,8,0.625,0.875,0.25,0.5,0.625,0.875,0.625,1.0,0.25,0.875,0.5,0.5,0.375,0.5,0.625,0.5
mathd_algebra_208,MATHD_Algebra,Test,0,0,0,0,0,0,0,0,0,0,0,0,0,0,0,0,8,8,8,8,8,8,8,8,8,8,8,8,8,8,8,8,0.0,0.0,0.0,0.0,0.0,0.0,0.0,0.0,0.0,0.0,0.0,0.0,0.0,0.0,0.0,0.0
mathd_algebra_209,MATHD_Algebra,Test,2,5,1,6,5,2,7,2,0,0,3,0,1,2,1,1,8,8,8,8,8,8,8,8,8,8,8,8,8,8,8,8,0.25,0.625,0.125,0.75,0.625,0.25,0.875,0.25,0.0,0.0,0.375,0.0,0.125,0.25,0.125,0.125
mathd_algebra_215,MATHD_Algebra,Test,5,5,5,6,6,2,5,4,5,6,4,5,3,5,2,5,8,8,8,8,8,8,8,8,8,8,8,8,8,8,8,8,0.625,0.625,0.625,0.75,0.75,0.25,0.625,0.5,0.625,0.75,0.5,0.625,0.375,0.625,0.25,0.625
mathd_algebra_24,MATHD_Algebra,Test,5,7,4,4,6,7,4,7,8,4,4,3,7,6,6,5,8,8,8,8,8,8,8,8,8,8,8,8,8,8,8,8,0.625,0.875,0.5,0.5,0.75,0.875,0.5,0.875,1.0,0.5,0.5,0.375,0.875,0.75,0.75,0.625
mathd_algebra_246,MATHD_Algebra,Test,7,8,5,7,8,3,8,5,7,8,8,8,8,8,6,8,8,8,8,8,8,8,8,8,8,8,8,8,8,8,8,8,0.875,1.0,0.625,0.875,1.0,0.375,1.0,0.625,0.875,1.0,1.0,1.0,1.0,1.0,0.75,1.0
mathd_algebra_263,MATHD_Algebra,Test,2,6,8,2,4,8,6,7,8,8,7,6,8,8,7,8,8,8,8,8,8,8,8,8,8,8,8,8,8,8,8,8,0.25,0.75,1.0,0.25,0.5,1.0,0.75,0.875,1.0,1.0,0.875,0.75,1.0,1.0,0.875,1.0
mathd_algebra_270,MATHD_Algebra,Test,8,8,8,8,8,8,7,8,8,8,8,7,8,8,8,8,8,8,8,8,8,8,8,8,8,8,8,8,8,8,8,8,1.0,1.0,1.0,1.0,1.0,1.0,0.875,1.0,1.0,1.0,1.0,0.875,1.0,1.0,1.0,1.0
mathd_algebra_275,MATHD_Algebra,Test,0,3,3,1,1,0,0,1,0,0,2,1,1,3,3,3,8,8,8,8,8,8,8,8,8,8,8,8,8,8,8,8,0.0,0.375,0.375,0.125,0.125,0.0,0.0,0.125,0.0,0.0,0.25,0.125,0.125,0.375,0.375,0.375
mathd_algebra_276,MATHD_Algebra,Test,0,0,0,0,0,0,0,0,0,0,0,0,0,0,0,0,8,8,8,8,8,8,8,8,8,8,8,8,8,8,8,8,0.0,0.0,0.0,0.0,0.0,0.0,0.0,0.0,0.0,0.0,0.0,0.0,0.0,0.0,0.0,0.0
mathd_algebra_288,MATHD_Algebra,Test,0,0,0,0,0,0,0,0,0,0,0,0,0,0,0,1,8,8,8,8,8,8,8,8,8,8,8,8,8,8,8,8,0.0,0.0,0.0,0.0,0.0,0.0,0.0,0.0,0.0,0.0,0.0,0.0,0.0,0.0,0.0,0.125
mathd_algebra_289,MATHD_Algebra,Test,7,6,3,3,5,0,3,3,0,1,7,3,3,7,6,1,8,8,8,8,8,8,8,8,8,8,8,8,8,8,8,8,0.875,0.75,0.375,0.375,0.625,0.0,0.375,0.375,0.0,0.125,0.875,0.375,0.375,0.875,0.75,0.125
mathd_algebra_293,MATHD_Algebra,Test,0,0,0,0,0,0,0,0,0,0,0,0,0,0,0,0,8,8,8,8,8,8,8,8,8,8,8,8,8,8,8,8,0.0,0.0,0.0,0.0,0.0,0.0,0.0,0.0,0.0,0.0,0.0,0.0,0.0,0.0,0.0,0.0
mathd_algebra_296,MATHD_Algebra,Test,8,8,7,8,7,8,8,8,8,8,7,7,8,8,8,8,8,8,8,8,8,8,8,8,8,8,8,8,8,8,8,8,1.0,1.0,0.875,1.0,0.875,1.0,1.0,1.0,1.0,1.0,0.875,0.875,1.0,1.0,1.0,1.0
mathd_algebra_302,MATHD_Algebra,Test,8,8,8,8,7,8,8,8,8,8,7,8,7,8,8,7,8,8,8,8,8,8,8,8,8,8,8,8,8,8,8,8,1.0,1.0,1.0,1.0,0.875,1.0,1.0,1.0,1.0,1.0,0.875,1.0,0.875,1.0,1.0,0.875
mathd_algebra_304,MATHD_Algebra,Test,8,8,8,7,8,8,8,8,8,8,8,6,7,8,5,8,8,8,8,8,8,8,8,8,8,8,8,8,8,8,8,8,1.0,1.0,1.0,0.875,1.0,1.0,1.0,1.0,1.0,1.0,1.0,0.75,0.875,1.0,0.625,1.0
mathd_algebra_313,MATHD_Algebra,Test,1,3,3,1,3,0,0,0,0,0,0,0,0,0,5,2,8,8,8,8,8,8,8,8,8,8,8,8,8,8,8,8,0.125,0.375,0.375,0.125,0.375,0.0,0.0,0.0,0.0,0.0,0.0,0.0,0.0,0.0,0.625,0.25
mathd_algebra_314,MATHD_Algebra,Test,8,8,7,8,8,8,8,8,8,8,8,8,8,8,8,8,8,8,8,8,8,8,8,8,8,8,8,8,8,8,8,8,1.0,1.0,0.875,1.0,1.0,1.0,1.0,1.0,1.0,1.0,1.0,1.0,1.0,1.0,1.0,1.0
mathd_algebra_320,MATHD_Algebra,Test,0,0,0,0,0,0,0,0,0,0,0,0,0,0,0,0,8,8,8,8,8,8,8,8,8,8,8,8,8,8,8,8,0.0,0.0,0.0,0.0,0.0,0.0,0.0,0.0,0.0,0.0,0.0,0.0,0.0,0.0,0.0,0.0
mathd_algebra_329,MATHD_Algebra,Test,8,8,7,7,8,7,8,8,7,7,6,6,7,7,8,7,8,8,8,8,8,8,8,8,8,8,8,8,8,8,8,8,1.0,1.0,0.875,0.875,1.0,0.875,1.0,1.0,0.875,0.875,0.75,0.75,0.875,0.875,1.0,0.875
mathd_algebra_33,MATHD_Algebra,Test,8,8,8,6,8,8,8,8,8,8,8,8,8,8,8,8,8,8,8,8,8,8,8,8,8,8,8,8,8,8,8,8,1.0,1.0,1.0,0.75,1.0,1.0,1.0,1.0,1.0,1.0,1.0,1.0,1.0,1.0,1.0,1.0
mathd_algebra_332,MATHD_Algebra,Test,2,2,5,5,2,4,4,5,5,6,8,6,6,5,7,7,8,8,8,8,8,8,8,8,8,8,8,8,8,8,8,8,0.25,0.25,0.625,0.625,0.25,0.5,0.5,0.625,0.625,0.75,1.0,0.75,0.75,0.625,0.875,0.875
mathd_algebra_338,MATHD_Algebra,Test,6,6,3,3,1,4,1,3,8,8,3,4,6,5,8,7,8,8,8,8,8,8,8,8,8,8,8,8,8,8,8,8,0.75,0.75,0.375,0.375,0.125,0.5,0.125,0.375,1.0,1.0,0.375,0.5,0.75,0.625,1.0,0.875
mathd_algebra_342,MATHD_Algebra,Test,8,8,8,8,8,8,8,8,8,8,8,8,8,8,8,8,8,8,8,8,8,8,8,8,8,8,8,8,8,8,8,8,1.0,1.0,1.0,1.0,1.0,1.0,1.0,1.0,1.0,1.0,1.0,1.0,1.0,1.0,1.0,1.0
mathd_algebra_346,MATHD_Algebra,Test,8,8,7,8,8,8,8,8,8,8,7,6,7,8,8,8,8,8,8,8,8,8,8,8,8,8,8,8,8,8,8,8,1.0,1.0,0.875,1.0,1.0,1.0,1.0,1.0,1.0,1.0,0.875,0.75,0.875,1.0,1.0,1.0
mathd_algebra_354,MATHD_Algebra,Test,8,8,8,8,7,8,8,8,8,8,7,8,8,8,8,8,8,8,8,8,8,8,8,8,8,8,8,8,8,8,8,8,1.0,1.0,1.0,1.0,0.875,1.0,1.0,1.0,1.0,1.0,0.875,1.0,1.0,1.0,1.0,1.0
mathd_algebra_359,MATHD_Algebra,Test,8,8,8,8,8,8,8,8,8,8,8,8,8,8,8,8,8,8,8,8,8,8,8,8,8,8,8,8,8,8,8,8,1.0,1.0,1.0,1.0,1.0,1.0,1.0,1.0,1.0,1.0,1.0,1.0,1.0,1.0,1.0,1.0
mathd_algebra_362,MATHD_Algebra,Test,0,0,0,0,0,0,0,0,0,0,0,0,0,0,0,0,8,8,8,8,8,8,8,8,8,8,8,8,8,8,8,8,0.0,0.0,0.0,0.0,0.0,0.0,0.0,0.0,0.0,0.0,0.0,0.0,0.0,0.0,0.0,0.0
mathd_algebra_388,MATHD_Algebra,Test,8,8,7,8,8,8,8,8,8,8,5,3,8,6,8,8,8,8,8,8,8,8,8,8,8,8,8,8,8,8,8,8,1.0,1.0,0.875,1.0,1.0,1.0,1.0,1.0,1.0,1.0,0.625,0.375,1.0,0.75,1.0,1.0
mathd_algebra_392,MATHD_Algebra,Test,0,0,0,0,1,0,0,0,0,1,0,0,0,0,0,0,8,8,8,8,8,8,8,8,8,8,8,8,8,8,8,8,0.0,0.0,0.0,0.0,0.125,0.0,0.0,0.0,0.0,0.125,0.0,0.0,0.0,0.0,0.0,0.0
mathd_algebra_398,MATHD_Algebra,Test,8,8,7,8,8,8,8,8,8,8,8,8,8,8,8,8,8,8,8,8,8,8,8,8,8,8,8,8,8,8,8,8,1.0,1.0,0.875,1.0,1.0,1.0,1.0,1.0,1.0,1.0,1.0,1.0,1.0,1.0,1.0,1.0
mathd_algebra_400,MATHD_Algebra,Test,7,8,5,6,8,7,7,8,7,8,4,7,8,6,8,7,8,8,8,8,8,8,8,8,8,8,8,8,8,8,8,8,0.875,1.0,0.625,0.75,1.0,0.875,0.875,1.0,0.875,1.0,0.5,0.875,1.0,0.75,1.0,0.875
mathd_algebra_412,MATHD_Algebra,Test,8,8,8,8,8,8,8,7,8,8,8,8,8,8,8,8,8,8,8,8,8,8,8,8,8,8,8,8,8,8,8,8,1.0,1.0,1.0,1.0,1.0,1.0,1.0,0.875,1.0,1.0,1.0,1.0,1.0,1.0,1.0,1.0
mathd_algebra_419,MATHD_Algebra,Test,8,8,8,8,8,8,8,8,8,8,5,8,8,8,8,8,8,8,8,8,8,8,8,8,8,8,8,8,8,8,8,8,1.0,1.0,1.0,1.0,1.0,1.0,1.0,1.0,1.0,1.0,0.625,1.0,1.0,1.0,1.0,1.0
mathd_algebra_427,MATHD_Algebra,Test,5,6,8,8,7,6,7,7,7,8,8,5,7,8,8,8,8,8,8,8,8,8,8,8,8,8,8,8,8,8,8,8,0.625,0.75,1.0,1.0,0.875,0.75,0.875,0.875,0.875,1.0,1.0,0.625,0.875,1.0,1.0,1.0
mathd_algebra_432,MATHD_Algebra,Test,7,8,8,7,6,7,6,6,8,8,7,5,7,8,8,8,8,8,8,8,8,8,8,8,8,8,8,8,8,8,8,8,0.875,1.0,1.0,0.875,0.75,0.875,0.75,0.75,1.0,1.0,0.875,0.625,0.875,1.0,1.0,1.0
mathd_algebra_44,MATHD_Algebra,Test,7,8,6,8,8,8,8,8,8,7,7,8,8,8,8,8,8,8,8,8,8,8,8,8,8,8,8,8,8,8,8,8,0.875,1.0,0.75,1.0,1.0,1.0,1.0,1.0,1.0,0.875,0.875,1.0,1.0,1.0,1.0,1.0
mathd_algebra_440,MATHD_Algebra,Test,4,5,7,7,7,7,7,8,7,3,8,8,7,8,8,8,8,8,8,8,8,8,8,8,8,8,8,8,8,8,8,8,0.5,0.625,0.875,0.875,0.875,0.875,0.875,1.0,0.875,0.375,1.0,1.0,0.875,1.0,1.0,1.0
mathd_algebra_441,MATHD_Algebra,Test,8,8,7,7,8,7,6,8,8,8,8,6,8,7,7,8,8,8,8,8,8,8,8,8,8,8,8,8,8,8,8,8,1.0,1.0,0.875,0.875,1.0,0.875,0.75,1.0,1.0,1.0,1.0,0.75,1.0,0.875,0.875,1.0
mathd_algebra_452,MATHD_Algebra,Test,5,5,7,7,5,8,5,8,8,7,6,8,8,7,8,8,8,8,8,8,8,8,8,8,8,8,8,8,8,8,8,8,0.625,0.625,0.875,0.875,0.625,1.0,0.625,1.0,1.0,0.875,0.75,1.0,1.0,0.875,1.0,1.0
mathd_algebra_459,MATHD_Algebra,Test,0,0,0,0,0,0,0,0,0,0,0,0,0,0,0,0,8,8,8,8,8,8,8,8,8,8,8,8,8,8,8,8,0.0,0.0,0.0,0.0,0.0,0.0,0.0,0.0,0.0,0.0,0.0,0.0,0.0,0.0,0.0,0.0
mathd_algebra_478,MATHD_Algebra,Test,7,8,5,2,8,2,8,0,7,8,5,1,0,4,2,5,8,8,8,8,8,8,8,8,8,8,8,8,8,8,8,8,0.875,1.0,0.625,0.25,1.0,0.25,1.0,0.0,0.875,1.0,0.625,0.125,0.0,0.5,0.25,0.625
mathd_algebra_484,MATHD_Algebra,Test,2,7,5,2,2,3,1,3,2,1,3,6,5,4,6,6,8,8,8,8,8,8,8,8,8,8,8,8,8,8,8,8,0.25,0.875,0.625,0.25,0.25,0.375,0.125,0.375,0.25,0.125,0.375,0.75,0.625,0.5,0.75,0.75
mathd_algebra_487,MATHD_Algebra,Test,0,0,0,0,0,0,0,0,0,0,1,0,0,0,1,0,8,8,8,8,8,8,8,8,8,8,8,8,8,8,8,8,0.0,0.0,0.0,0.0,0.0,0.0,0.0,0.0,0.0,0.0,0.125,0.0,0.0,0.0,0.125,0.0
mathd_algebra_513,MATHD_Algebra,Test,8,8,7,8,8,8,8,8,8,8,8,7,8,8,8,8,8,8,8,8,8,8,8,8,8,8,8,8,8,8,8,8,1.0,1.0,0.875,1.0,1.0,1.0,1.0,1.0,1.0,1.0,1.0,0.875,1.0,1.0,1.0,1.0
mathd_algebra_598,MATHD_Algebra,Test,0,0,1,0,0,0,0,0,0,0,0,0,0,0,0,0,8,8,8,8,8,8,8,8,8,8,8,8,8,8,8,8,0.0,0.0,0.125,0.0,0.0,0.0,0.0,0.0,0.0,0.0,0.0,0.0,0.0,0.0,0.0,0.0
mathd_algebra_756,MATHD_Algebra,Test,0,0,0,0,0,0,0,0,0,0,0,0,0,0,0,0,8,8,8,8,8,8,8,8,8,8,8,8,8,8,8,8,0.0,0.0,0.0,0.0,0.0,0.0,0.0,0.0,0.0,0.0,0.0,0.0,0.0,0.0,0.0,0.0
mathd_algebra_76,MATHD_Algebra,Test,7,7,4,4,4,7,5,5,7,7,1,2,2,3,3,5,8,8,8,8,8,8,8,8,8,8,8,8,8,8,8,8,0.875,0.875,0.5,0.5,0.5,0.875,0.625,0.625,0.875,0.875,0.125,0.25,0.25,0.375,0.375,0.625
mathd_algebra_80,MATHD_Algebra,Test,8,8,8,7,8,8,8,6,8,8,8,8,8,8,8,8,8,8,8,8,8,8,8,8,8,8,8,8,8,8,8,8,1.0,1.0,1.0,0.875,1.0,1.0,1.0,0.75,1.0,1.0,1.0,1.0,1.0,1.0,1.0,1.0
mathd_numbertheory_100,MATHD_NumberTheory,Test,4,3,2,2,0,4,0,4,7,5,2,1,3,1,1,1,8,8,8,8,8,8,8,8,8,8,8,8,8,8,8,8,0.5,0.375,0.25,0.25,0.0,0.5,0.0,0.5,0.875,0.625,0.25,0.125,0.375,0.125,0.125,0.125
mathd_numbertheory_1124,MATHD_NumberTheory,Test,8,8,8,8,7,8,8,8,8,8,8,8,6,7,8,8,8,8,8,8,8,8,8,8,8,8,8,8,8,8,8,8,1.0,1.0,1.0,1.0,0.875,1.0,1.0,1.0,1.0,1.0,1.0,1.0,0.75,0.875,1.0,1.0
mathd_numbertheory_12,MATHD_NumberTheory,Test,6,8,8,8,7,8,6,8,7,6,8,7,5,8,8,8,8,8,8,8,8,8,8,8,8,8,8,8,8,8,8,8,0.75,1.0,1.0,1.0,0.875,1.0,0.75,1.0,0.875,0.75,1.0,0.875,0.625,1.0,1.0,1.0
mathd_numbertheory_127,MATHD_NumberTheory,Test,7,8,5,6,7,8,6,7,7,5,7,5,6,8,7,6,8,8,8,8,8,8,8,8,8,8,8,8,8,8,8,8,0.875,1.0,0.625,0.75,0.875,1.0,0.75,0.875,0.875,0.625,0.875,0.625,0.75,1.0,0.875,0.75
mathd_numbertheory_135,MATHD_NumberTheory,Test,2,0,1,1,2,1,1,1,0,1,0,1,0,0,0,1,8,8,8,8,8,8,8,8,8,8,8,8,8,8,8,8,0.25,0.0,0.125,0.125,0.25,0.125,0.125,0.125,0.0,0.125,0.0,0.125,0.0,0.0,0.0,0.125
mathd_numbertheory_150,MATHD_NumberTheory,Test,5,2,0,7,3,5,6,5,8,8,4,2,2,3,4,3,8,8,8,8,8,8,8,8,8,8,8,8,8,8,8,8,0.625,0.25,0.0,0.875,0.375,0.625,0.75,0.625,1.0,1.0,0.5,0.25,0.25,0.375,0.5,0.375
mathd_numbertheory_175,MATHD_NumberTheory,Test,0,0,0,0,0,0,0,0,0,0,0,0,0,0,0,0,8,8,8,8,8,8,8,8,8,8,8,8,8,8,8,8,0.0,0.0,0.0,0.0,0.0,0.0,0.0,0.0,0.0,0.0,0.0,0.0,0.0,0.0,0.0,0.0
mathd_numbertheory_185,MATHD_NumberTheory,Test,8,8,8,8,8,8,6,8,8,6,7,8,8,8,8,8,8,8,8,8,8,8,8,8,8,8,8,8,8,8,8,8,1.0,1.0,1.0,1.0,1.0,1.0,0.75,1.0,1.0,0.75,0.875,1.0,1.0,1.0,1.0,1.0
mathd_numbertheory_207,MATHD_NumberTheory,Test,8,8,8,8,8,8,8,8,8,8,8,8,8,8,8,8,8,8,8,8,8,8,8,8,8,8,8,8,8,8,8,8,1.0,1.0,1.0,1.0,1.0,1.0,1.0,1.0,1.0,1.0,1.0,1.0,1.0,1.0,1.0,1.0
mathd_numbertheory_212,MATHD_NumberTheory,Test,8,8,8,7,7,8,7,8,8,8,7,8,7,8,8,8,8,8,8,8,8,8,8,8,8,8,8,8,8,8,8,8,1.0,1.0,1.0,0.875,0.875,1.0,0.875,1.0,1.0,1.0,0.875,1.0,0.875,1.0,1.0,1.0
mathd_numbertheory_222,MATHD_NumberTheory,Test,6,7,4,7,8,8,8,8,7,7,6,6,6,5,4,3,8,8,8,8,8,8,8,8,8,8,8,8,8,8,8,8,0.75,0.875,0.5,0.875,1.0,1.0,1.0,1.0,0.875,0.875,0.75,0.75,0.75,0.625,0.5,0.375
mathd_numbertheory_227,MATHD_NumberTheory,Test,0,0,0,0,0,0,0,0,0,0,0,0,0,0,0,0,8,8,8,8,8,8,8,8,8,8,8,8,8,8,8,8,0.0,0.0,0.0,0.0,0.0,0.0,0.0,0.0,0.0,0.0,0.0,0.0,0.0,0.0,0.0,0.0
mathd_numbertheory_229,MATHD_NumberTheory,Test,8,8,8,8,8,7,8,8,6,8,7,8,8,8,8,8,8,8,8,8,8,8,8,8,8,8,8,8,8,8,8,8,1.0,1.0,1.0,1.0,1.0,0.875,1.0,1.0,0.75,1.0,0.875,1.0,1.0,1.0,1.0,1.0
mathd_numbertheory_233,MATHD_NumberTheory,Test,0,4,5,2,1,3,3,1,0,0,4,1,2,5,5,3,8,8,8,8,8,8,8,8,8,8,8,8,8,8,8,8,0.0,0.5,0.625,0.25,0.125,0.375,0.375,0.125,0.0,0.0,0.5,0.125,0.25,0.625,0.625,0.375
mathd_numbertheory_234,MATHD_NumberTheory,Test,0,0,1,0,1,0,0,0,0,1,0,0,0,0,0,0,8,8,8,8,8,8,8,8,8,8,8,8,8,8,8,8,0.0,0.0,0.125,0.0,0.125,0.0,0.0,0.0,0.0,0.125,0.0,0.0,0.0,0.0,0.0,0.0
mathd_numbertheory_235,MATHD_NumberTheory,Test,8,8,7,8,8,8,8,8,8,8,8,8,8,8,8,8,8,8,8,8,8,8,8,8,8,8,8,8,8,8,8,8,1.0,1.0,0.875,1.0,1.0,1.0,1.0,1.0,1.0,1.0,1.0,1.0,1.0,1.0,1.0,1.0
mathd_numbertheory_237,MATHD_NumberTheory,Test,8,8,7,8,6,8,7,8,6,7,8,7,5,8,8,8,8,8,8,8,8,8,8,8,8,8,8,8,8,8,8,8,1.0,1.0,0.875,1.0,0.75,1.0,0.875,1.0,0.75,0.875,1.0,0.875,0.625,1.0,1.0,1.0
mathd_numbertheory_239,MATHD_NumberTheory,Test,5,8,6,8,6,8,7,7,8,8,8,6,8,8,8,8,8,8,8,8,8,8,8,8,8,8,8,8,8,8,8,8,0.625,1.0,0.75,1.0,0.75,1.0,0.875,0.875,1.0,1.0,1.0,0.75,1.0,1.0,1.0,1.0
mathd_numbertheory_247,MATHD_NumberTheory,Test,8,8,6,8,8,7,7,7,8,8,7,7,5,8,8,8,8,8,8,8,8,8,8,8,8,8,8,8,8,8,8,8,1.0,1.0,0.75,1.0,1.0,0.875,0.875,0.875,1.0,1.0,0.875,0.875,0.625,1.0,1.0,1.0
mathd_numbertheory_254,MATHD_NumberTheory,Test,8,8,7,8,8,8,8,8,8,8,8,7,8,8,8,8,8,8,8,8,8,8,8,8,8,8,8,8,8,8,8,8,1.0,1.0,0.875,1.0,1.0,1.0,1.0,1.0,1.0,1.0,1.0,0.875,1.0,1.0,1.0,1.0
mathd_numbertheory_277,MATHD_NumberTheory,Test,1,0,0,1,0,0,0,0,0,0,1,0,0,0,0,0,8,8,8,8,8,8,8,8,8,8,8,8,8,8,8,8,0.125,0.0,0.0,0.125,0.0,0.0,0.0,0.0,0.0,0.0,0.125,0.0,0.0,0.0,0.0,0.0
mathd_numbertheory_293,MATHD_NumberTheory,Test,8,8,8,8,8,8,8,8,8,8,8,7,8,8,8,7,8,8,8,8,8,8,8,8,8,8,8,8,8,8,8,8,1.0,1.0,1.0,1.0,1.0,1.0,1.0,1.0,1.0,1.0,1.0,0.875,1.0,1.0,1.0,0.875
mathd_numbertheory_296,MATHD_NumberTheory,Test,0,0,0,0,0,0,0,0,0,0,0,0,0,1,1,0,8,8,8,8,8,8,8,8,8,8,8,8,8,8,8,8,0.0,0.0,0.0,0.0,0.0,0.0,0.0,0.0,0.0,0.0,0.0,0.0,0.0,0.125,0.125,0.0
mathd_numbertheory_299,MATHD_NumberTheory,Test,8,8,7,7,8,6,6,8,7,8,8,8,7,7,8,8,8,8,8,8,8,8,8,8,8,8,8,8,8,8,8,8,1.0,1.0,0.875,0.875,1.0,0.75,0.75,1.0,0.875,1.0,1.0,1.0,0.875,0.875,1.0,1.0
mathd_numbertheory_3,MATHD_NumberTheory,Test,8,8,8,8,8,8,8,8,8,7,8,8,7,8,8,8,8,8,8,8,8,8,8,8,8,8,8,8,8,8,8,8,1.0,1.0,1.0,1.0,1.0,1.0,1.0,1.0,1.0,0.875,1.0,1.0,0.875,1.0,1.0,1.0
mathd_numbertheory_314,MATHD_NumberTheory,Test,0,1,0,0,0,0,0,1,0,0,0,1,0,1,0,2,8,8,8,8,8,8,8,8,8,8,8,8,8,8,8,8,0.0,0.125,0.0,0.0,0.0,0.0,0.0,0.125,0.0,0.0,0.0,0.125,0.0,0.125,0.0,0.25
mathd_numbertheory_320,MATHD_NumberTheory,Test,1,7,4,4,3,8,3,8,8,8,6,8,8,8,8,8,8,8,8,8,8,8,8,8,8,8,8,8,8,8,8,8,0.125,0.875,0.5,0.5,0.375,1.0,0.375,1.0,1.0,1.0,0.75,1.0,1.0,1.0,1.0,1.0
mathd_numbertheory_321,MATHD_NumberTheory,Test,2,5,5,3,2,0,5,3,0,2,4,2,6,7,3,6,8,8,8,8,8,8,8,8,8,8,8,8,8,8,8,8,0.25,0.625,0.625,0.375,0.25,0.0,0.625,0.375,0.0,0.25,0.5,0.25,0.75,0.875,0.375,0.75
mathd_numbertheory_328,MATHD_NumberTheory,Test,2,6,3,0,0,0,0,0,0,0,2,1,1,3,3,0,8,8,8,8,8,8,8,8,8,8,8,8,8,8,8,8,0.25,0.75,0.375,0.0,0.0,0.0,0.0,0.0,0.0,0.0,0.25,0.125,0.125,0.375,0.375,0.0
mathd_numbertheory_34,MATHD_NumberTheory,Test,8,8,7,7,6,8,4,6,8,7,6,7,8,6,8,8,8,8,8,8,8,8,8,8,8,8,8,8,8,8,8,8,1.0,1.0,0.875,0.875,0.75,1.0,0.5,0.75,1.0,0.875,0.75,0.875,1.0,0.75,1.0,1.0
mathd_numbertheory_341,MATHD_NumberTheory,Test,4,4,3,1,1,0,4,1,1,3,1,3,2,6,0,3,8,8,8,8,8,8,8,8,8,8,8,8,8,8,8,8,0.5,0.5,0.375,0.125,0.125,0.0,0.5,0.125,0.125,0.375,0.125,0.375,0.25,0.75,0.0,0.375
mathd_numbertheory_342,MATHD_NumberTheory,Test,8,8,8,8,8,8,8,8,8,8,8,8,7,8,8,7,8,8,8,8,8,8,8,8,8,8,8,8,8,8,8,8,1.0,1.0,1.0,1.0,1.0,1.0,1.0,1.0,1.0,1.0,1.0,1.0,0.875,1.0,1.0,0.875
mathd_numbertheory_343,MATHD_NumberTheory,Test,8,8,8,8,8,2,8,2,4,7,8,8,8,8,7,8,8,8,8,8,8,8,8,8,8,8,8,8,8,8,8,8,1.0,1.0,1.0,1.0,1.0,0.25,1.0,0.25,0.5,0.875,1.0,1.0,1.0,1.0,0.875,1.0
mathd_numbertheory_345,MATHD_NumberTheory,Test,8,8,6,8,8,8,8,8,8,8,8,8,7,8,8,8,8,8,8,8,8,8,8,8,8,8,8,8,8,8,8,8,1.0,1.0,0.75,1.0,1.0,1.0,1.0,1.0,1.0,1.0,1.0,1.0,0.875,1.0,1.0,1.0
mathd_numbertheory_353,MATHD_NumberTheory,Test,0,0,0,0,0,0,0,0,0,0,0,0,0,0,0,0,8,8,8,8,8,8,8,8,8,8,8,8,8,8,8,8,0.0,0.0,0.0,0.0,0.0,0.0,0.0,0.0,0.0,0.0,0.0,0.0,0.0,0.0,0.0,0.0
mathd_numbertheory_427,MATHD_NumberTheory,Test,0,0,0,0,0,0,0,0,0,0,0,0,0,0,0,0,8,8,8,8,8,8,8,8,8,8,8,8,8,8,8,8,0.0,0.0,0.0,0.0,0.0,0.0,0.0,0.0,0.0,0.0,0.0,0.0,0.0,0.0,0.0,0.0
mathd_numbertheory_430,MATHD_NumberTheory,Test,7,7,1,5,5,2,2,2,4,7,4,1,4,4,6,6,8,8,8,8,8,8,8,8,8,8,8,8,8,8,8,8,0.875,0.875,0.125,0.625,0.625,0.25,0.25,0.25,0.5,0.875,0.5,0.125,0.5,0.5,0.75,0.75
mathd_numbertheory_435,MATHD_NumberTheory,Test,4,8,2,8,6,6,7,6,6,8,7,7,7,7,7,8,8,8,8,8,8,8,8,8,8,8,8,8,8,8,8,8,0.5,1.0,0.25,1.0,0.75,0.75,0.875,0.75,0.75,1.0,0.875,0.875,0.875,0.875,0.875,1.0
mathd_numbertheory_447,MATHD_NumberTheory,Test,8,7,8,8,8,8,7,8,8,8,8,8,8,8,8,6,8,8,8,8,8,8,8,8,8,8,8,8,8,8,8,8,1.0,0.875,1.0,1.0,1.0,1.0,0.875,1.0,1.0,1.0,1.0,1.0,1.0,1.0,1.0,0.75
mathd_numbertheory_451,MATHD_NumberTheory,Test,0,0,0,0,0,0,0,0,0,0,0,0,0,0,0,0,8,8,8,8,8,8,8,8,8,8,8,8,8,8,8,8,0.0,0.0,0.0,0.0,0.0,0.0,0.0,0.0,0.0,0.0,0.0,0.0,0.0,0.0,0.0,0.0
mathd_numbertheory_457,MATHD_NumberTheory,Test,0,0,0,0,0,0,0,0,0,0,0,0,0,0,0,0,8,8,8,8,8,8,8,8,8,8,8,8,8,8,8,8,0.0,0.0,0.0,0.0,0.0,0.0,0.0,0.0,0.0,0.0,0.0,0.0,0.0,0.0,0.0,0.0
mathd_numbertheory_483,MATHD_NumberTheory,Test,3,3,2,4,4,0,0,0,0,0,0,0,0,3,0,0,8,8,8,8,8,8,8,8,8,8,8,8,8,8,8,8,0.375,0.375,0.25,0.5,0.5,0.0,0.0,0.0,0.0,0.0,0.0,0.0,0.0,0.375,0.0,0.0
mathd_numbertheory_495,MATHD_NumberTheory,Test,0,0,0,0,0,0,0,0,0,0,0,0,0,0,0,0,8,8,8,8,8,8,8,8,8,8,8,8,8,8,8,8,0.0,0.0,0.0,0.0,0.0,0.0,0.0,0.0,0.0,0.0,0.0,0.0,0.0,0.0,0.0,0.0
mathd_numbertheory_5,MATHD_NumberTheory,Test,1,1,0,1,0,2,0,1,1,4,0,1,2,1,4,0,8,8,8,8,8,8,8,8,8,8,8,8,8,8,8,8,0.125,0.125,0.0,0.125,0.0,0.25,0.0,0.125,0.125,0.5,0.0,0.125,0.25,0.125,0.5,0.0
mathd_numbertheory_517,MATHD_NumberTheory,Test,8,8,6,7,8,8,8,8,8,0,8,8,1,8,8,7,8,8,8,8,8,8,8,8,8,8,8,8,8,8,8,8,1.0,1.0,0.75,0.875,1.0,1.0,1.0,1.0,1.0,0.0,1.0,1.0,0.125,1.0,1.0,0.875
mathd_numbertheory_521,MATHD_NumberTheory,Test,0,1,1,2,0,0,0,0,0,1,0,0,0,0,0,0,8,8,8,8,8,8,8,8,8,8,8,8,8,8,8,8,0.0,0.125,0.125,0.25,0.0,0.0,0.0,0.0,0.0,0.125,0.0,0.0,0.0,0.0,0.0,0.0
mathd_numbertheory_541,MATHD_NumberTheory,Test,5,7,6,7,5,5,7,4,6,0,6,7,8,5,6,6,8,8,8,8,8,8,8,8,8,8,8,8,8,8,8,8,0.625,0.875,0.75,0.875,0.625,0.625,0.875,0.5,0.75,0.0,0.75,0.875,1.0,0.625,0.75,0.75
mathd_numbertheory_551,MATHD_NumberTheory,Test,8,8,8,8,8,8,8,8,8,8,8,7,7,8,8,8,8,8,8,8,8,8,8,8,8,8,8,8,8,8,8,8,1.0,1.0,1.0,1.0,1.0,1.0,1.0,1.0,1.0,1.0,1.0,0.875,0.875,1.0,1.0,1.0
mathd_numbertheory_552,MATHD_NumberTheory,Test,0,0,0,0,0,0,0,0,0,0,0,0,0,0,0,0,8,8,8,8,8,8,8,8,8,8,8,8,8,8,8,8,0.0,0.0,0.0,0.0,0.0,0.0,0.0,0.0,0.0,0.0,0.0,0.0,0.0,0.0,0.0,0.0
mathd_numbertheory_559,MATHD_NumberTheory,Test,8,8,6,8,8,7,8,7,7,7,7,8,7,8,8,8,8,8,8,8,8,8,8,8,8,8,8,8,8,8,8,8,1.0,1.0,0.75,1.0,1.0,0.875,1.0,0.875,0.875,0.875,0.875,1.0,0.875,1.0,1.0,1.0
mathd_numbertheory_582,MATHD_NumberTheory,Test,6,6,7,8,8,6,8,8,7,7,7,7,6,7,8,8,8,8,8,8,8,8,8,8,8,8,8,8,8,8,8,8,0.75,0.75,0.875,1.0,1.0,0.75,1.0,1.0,0.875,0.875,0.875,0.875,0.75,0.875,1.0,1.0
mathd_numbertheory_618,MATHD_NumberTheory,Test,0,0,0,0,0,0,0,0,0,0,0,0,0,0,0,0,8,8,8,8,8,8,8,8,8,8,8,8,8,8,8,8,0.0,0.0,0.0,0.0,0.0,0.0,0.0,0.0,0.0,0.0,0.0,0.0,0.0,0.0,0.0,0.0
mathd_numbertheory_66,MATHD_NumberTheory,Test,8,8,8,8,8,8,8,8,8,8,8,8,8,8,8,8,8,8,8,8,8,8,8,8,8,8,8,8,8,8,8,8,1.0,1.0,1.0,1.0,1.0,1.0,1.0,1.0,1.0,1.0,1.0,1.0,1.0,1.0,1.0,1.0
mathd_numbertheory_711,MATHD_NumberTheory,Test,0,0,0,0,0,0,0,0,0,0,0,0,0,0,0,0,8,8,8,8,8,8,8,8,8,8,8,8,8,8,8,8,0.0,0.0,0.0,0.0,0.0,0.0,0.0,0.0,0.0,0.0,0.0,0.0,0.0,0.0,0.0,0.0
mathd_numbertheory_728,MATHD_NumberTheory,Test,8,8,8,8,8,7,8,8,7,8,8,8,8,8,8,8,8,8,8,8,8,8,8,8,8,8,8,8,8,8,8,8,1.0,1.0,1.0,1.0,1.0,0.875,1.0,1.0,0.875,1.0,1.0,1.0,1.0,1.0,1.0,1.0
mathd_numbertheory_764,MATHD_NumberTheory,Test,0,0,0,0,0,0,0,0,0,0,0,0,0,0,0,0,8,8,8,8,8,8,8,8,8,8,8,8,8,8,8,8,0.0,0.0,0.0,0.0,0.0,0.0,0.0,0.0,0.0,0.0,0.0,0.0,0.0,0.0,0.0,0.0
mathd_numbertheory_765,MATHD_NumberTheory,Test,8,8,6,6,7,7,7,8,8,7,7,8,7,6,8,8,8,8,8,8,8,8,8,8,8,8,8,8,8,8,8,8,1.0,1.0,0.75,0.75,0.875,0.875,0.875,1.0,1.0,0.875,0.875,1.0,0.875,0.75,1.0,1.0
mathd_numbertheory_769,MATHD_NumberTheory,Test,7,8,7,7,8,8,8,8,8,8,8,8,8,8,8,8,8,8,8,8,8,8,8,8,8,8,8,8,8,8,8,8,0.875,1.0,0.875,0.875,1.0,1.0,1.0,1.0,1.0,1.0,1.0,1.0,1.0,1.0,1.0,1.0
mathd_numbertheory_85,MATHD_NumberTheory,Test,8,8,8,8,8,8,8,8,8,8,7,8,7,8,8,8,8,8,8,8,8,8,8,8,8,8,8,8,8,8,8,8,1.0,1.0,1.0,1.0,1.0,1.0,1.0,1.0,1.0,1.0,0.875,1.0,0.875,1.0,1.0,1.0
mathd_numbertheory_99,MATHD_NumberTheory,Test,8,8,7,7,8,8,8,8,8,8,7,8,6,7,8,7,8,8,8,8,8,8,8,8,8,8,8,8,8,8,8,8,1.0,1.0,0.875,0.875,1.0,1.0,1.0,1.0,1.0,1.0,0.875,1.0,0.75,0.875,1.0,0.875
numbertheory_2pownm1prime_nprime,NumberTheory,Test,0,0,0,0,0,0,0,0,0,0,0,0,0,0,0,0,8,8,8,8,8,8,8,8,8,8,8,8,8,8,8,8,0.0,0.0,0.0,0.0,0.0,0.0,0.0,0.0,0.0,0.0,0.0,0.0,0.0,0.0,0.0,0.0
numbertheory_3pow2pownm1mod2pownp3eq2pownp2,NumberTheory,Test,0,0,0,0,0,0,0,0,0,0,0,0,0,0,0,0,8,8,8,8,8,8,8,8,8,8,8,8,8,8,8,8,0.0,0.0,0.0,0.0,0.0,0.0,0.0,0.0,0.0,0.0,0.0,0.0,0.0,0.0,0.0,0.0
numbertheory_4x3m7y3neq2003,NumberTheory,Test,8,8,7,8,8,8,8,8,7,8,8,8,8,8,7,7,8,8,8,8,8,8,8,8,8,8,8,8,8,8,8,8,1.0,1.0,0.875,1.0,1.0,1.0,1.0,1.0,0.875,1.0,1.0,1.0,1.0,1.0,0.875,0.875
numbertheory_aoddbdiv4asqpbsqmod8eq1,NumberTheory,Test,2,2,1,4,4,3,7,7,3,2,4,2,1,2,2,7,8,8,8,8,8,8,8,8,8,8,8,8,8,8,8,8,0.25,0.25,0.125,0.5,0.5,0.375,0.875,0.875,0.375,0.25,0.5,0.25,0.125,0.25,0.25,0.875
numbertheory_exk2powkeqapb2mulbpa2_aeq1,NumberTheory,Test,0,0,0,0,0,0,0,0,0,0,0,0,0,0,0,0,8,8,8,8,8,8,8,8,8,8,8,8,8,8,8,8,0.0,0.0,0.0,0.0,0.0,0.0,0.0,0.0,0.0,0.0,0.0,0.0,0.0,0.0,0.0,0.0
numbertheory_fxeq4powxp6powxp9powx_f2powmdvdf2pown,NumberTheory,Test,0,0,0,0,0,0,0,0,0,0,0,0,0,0,0,0,8,8,8,8,8,8,8,8,8,8,8,8,8,8,8,8,0.0,0.0,0.0,0.0,0.0,0.0,0.0,0.0,0.0,0.0,0.0,0.0,0.0,0.0,0.0,0.0
numbertheory_notEquiv2i2jasqbsqdiv8,NumberTheory,Test,0,0,0,0,0,0,0,0,0,0,0,0,0,0,0,0,8,8,8,8,8,8,8,8,8,8,8,8,8,8,8,8,0.0,0.0,0.0,0.0,0.0,0.0,0.0,0.0,0.0,0.0,0.0,0.0,0.0,0.0,0.0,0.0
numbertheory_x5neqy2p4,NumberTheory,Test,8,8,7,8,8,8,8,8,8,8,6,7,8,7,8,8,8,8,8,8,8,8,8,8,8,8,8,8,8,8,8,8,1.0,1.0,0.875,1.0,1.0,1.0,1.0,1.0,1.0,1.0,0.75,0.875,1.0,0.875,1.0,1.0
